###Feature ID	taxonomy	Confidence
0063ce99b6c00b705119879bdc3a7932	k__Fungi	0.9997235793873817
0126f0debfeb8bfcd408497e9dbff55b	Unassigned	0.6295980214117884
0139b146f09726f487a551c377a58c0a	k__Fungi;p__Ascomycota;c__Leotiomycetes;o__Helotiales;f__Helotiaceae;g__Tetracladium	0.9981013840754411
015afa49e60139cc54e7c93dd253e8c8	k__Fungi;p__Mortierellomycota;c__Mortierellomycetes;o__Mortierellales;f__Mortierellaceae;g__Mortierella	0.8970855141116354
0193bfb3de612a5584a690c0673fc9a0	k__Fungi;p__Basidiomycota;c__Agaricomycetes;o__Agaricales;f__Bolbitiaceae	0.999845236141401
01aad2e66602822837983293ea048d08	k__Fungi	0.9967456208361732
01f198ce89c949e1e366cf3e0488dd3e	k__Fungi;p__Ascomycota	0.9343257414100846
025aef224f7d06213d81c0b45fae389c	k__Fungi;p__Ascomycota;c__Dothideomycetes;o__Capnodiales;f__Teratosphaeriaceae;g__Devriesia;s__Devriesia_pseudoamericana	0.9939085809600967
0359bb84c8e945340e0484fe1ad8512e	k__Fungi	0.9985576565568155
038f73a1ed025b195c7ac64b774f9323	Unassigned	0.9912362696639518
03bcff828eada18c71a02ab1ab18246f	k__Fungi;p__Ascomycota;c__Eurotiomycetes;o__Eurotiales;f__Trichocomaceae;g__Talaromyces;s__Talaromyces_minioluteus	0.8967722613320241
03e556f03c78251da28a3c6943a34f1b	k__Fungi;p__Ascomycota;c__Sordariomycetes;o__Sordariales;f__Sordariales_fam_Incertae_sedis;g__Conlarium;s__unidentified	0.9996707048079618
04766c2c5e71ed6a5bfe7a423334f817	k__Fungi;p__Ascomycota;c__Dothideomycetes	0.7819076631837402
047d9c7eb2072a4e46c7eca723931177	Unassigned	0.9963259287908608
048909d072787223f9d6f3316574fd3c	Unassigned	0.9969200539551696
048cbb81beb80ceb48213a6a98d3a9b2	k__Fungi;p__Ascomycota;c__Sordariomycetes;o__Hypocreales;f__Stachybotryaceae;g__Myrothecium	0.9740038208157481
04dc37bceba4603830ef4822ee457ddf	k__Fungi;p__Basidiomycota;c__Cystobasidiomycetes;o__Cystobasidiales;f__Cystobasidiaceae;g__Cystobasidium;s__Cystobasidium_slooffiae	0.9674498642080425
05fd5b2b4da168d2a9244b720519bdf8	k__Fungi;p__Ascomycota;c__Dothideomycetes;o__Pleosporales;f__Cucurbitariaceae;g__Pyrenochaetopsis;s__Pyrenochaetopsis_leptospora	0.9949338692032322
0674b1449a1c30ad3e3d89dd6596c6dc	k__Fungi;p__Ascomycota;c__Eurotiomycetes;o__Eurotiales;f__Aspergillaceae;g__Penicillium;s__Penicillium_spinulosum	0.939025318525336
0757485f1f3ee82b13f13751613c911c	k__Fungi;p__Basidiomycota;c__Agaricomycetes;o__Auriculariales;f__Auriculariaceae;g__Auricularia;s__unidentified	0.9988670583556702
076874f2ba2bb14043199488dfa2fb22	k__Fungi;p__Mortierellomycota;c__Mortierellomycetes;o__Mortierellales;f__Mortierellaceae;g__Mortierella	0.9999987567276374
080b9eabbb3ca50e2892887ecba771bd	k__Fungi;p__Ascomycota;c__Dothideomycetes;o__Pleosporales	0.9837079364026334
082066c038f7e743a42be4c4fb1dcb47	Unassigned	0.9983265270265845
08c44fcd2129cdf62196c7eaff512e5c	k__Fungi;p__Ascomycota;c__Sordariomycetes;o__Hypocreales	0.9939658904598068
093d80dc76255e83cd3c964138a2c9c4	k__Fungi;p__Ascomycota	0.8137775832025469
0953c1979e3c973bfd9bbc93ab0e5fd1	k__Fungi;p__Basidiomycota;c__Agaricomycetes;o__Auriculariales;f__Exidiaceae;g__unidentified;s__unidentified	0.9227293201053633
097d1105c537ff0175eaa8c65bd897bf	k__Fungi;p__Glomeromycota;c__Glomeromycetes;o__Glomerales;f__Glomeraceae;g__Glomus;s__unidentified	0.7662064310772028
09ac848684ee46ff90539c9eb891eeb2	k__Fungi;p__Ascomycota;c__Pezizomycetes;o__Pezizales;f__Ascobolaceae;g__Ascobolus;s__Ascobolus_crenulatus	0.9248979700370884
0a70bf37cf022ad2c0050019fe933e24	k__Fungi;p__Ascomycota;c__Leotiomycetes;o__Thelebolales;f__Pseudeurotiaceae;g__Pseudeurotium;s__unidentified	0.7176538138376103
0a74e5250ff1fc19434e88073838b71b	k__Fungi;p__Ascomycota;c__Dothideomycetes;o__Pleosporales;f__Leptosphaeriaceae;g__Leptosphaeria;s__Leptosphaeria_sclerotioides	0.905011715476266
0aaecea10daa3973c5d9f768160e2f56	k__Fungi;p__Ascomycota;c__Eurotiomycetes;o__Eurotiales;f__Aspergillaceae;g__Penicillium	0.8221591978000853
0aef31a6132148bb823701a8d2b536d8	k__Fungi;p__Basidiomycota;c__Agaricomycetes;o__Cantharellales;f__Ceratobasidiaceae;g__Ceratobasidium;s__unidentified	0.8239587906027727
0b6157fee66672a3f7455575066e07c2	k__Fungi;p__Basidiomycota;c__Tremellomycetes;o__Cystofilobasidiales;f__Cystofilobasidiaceae;g__Guehomyces;s__Guehomyces_pullulans	0.999979844895351
0ba1891493c1bee0a227aa40acd875d1	k__Fungi;p__Ascomycota;c__Sordariomycetes;o__Coniochaetales;f__unidentified;g__unidentified;s__unidentified	0.786031738088562
0c0c4890caaafba703495c2b1d5e1a25	k__Fungi;p__Mortierellomycota;c__Mortierellomycetes;o__Mortierellales;f__Mortierellaceae;g__Mortierella;s__Mortierella_globulifera	0.9987891260727756
0c309bad089d148a137fb04e538805a0	k__Fungi;p__Ascomycota;c__Leotiomycetes;o__Helotiales;f__Helotiaceae;g__Articulospora;s__unidentified	0.9977049877048995
0cb9fe4a4be8b3be52ca0a4fd4018c32	k__Fungi;p__Ascomycota;c__Pezizomycetes;o__Pezizales;f__Pyronemataceae;g__Paurocotylis;s__unidentified	0.986752214670363
0cbc2e5f5797b7c60d2eacd44d9b93c3	k__Fungi;p__Basidiomycota;c__Agaricomycetes;o__Sebacinales;f__Serendipitaceae;g__Serendipita;s__unidentified	0.9733307336403368
0d49f87ab52265d78b23dacad27b626c	k__Fungi;p__Ascomycota;c__Sordariomycetes;o__Sordariales;f__Lasiosphaeriaceae	0.9990799398284627
0d4d45e09a2deb49e6990160aaa76587	k__Fungi;p__Ascomycota;c__Dothideomycetes;o__Pleosporales;f__Pleosporaceae;g__Alternaria;s__unidentified	0.8087670116408788
0da0bba2f77c61f1788e621694269c70	k__Fungi;p__Basidiomycota;c__Tremellomycetes;o__Filobasidiales;f__Piskurozymaceae;g__Solicoccozyma;s__Solicoccozyma_terrea	0.869805765557966
0daf8885dc3593da44408063ca44bed9	k__Fungi;p__Ascomycota;c__Sordariomycetes;o__Magnaporthales;f__Magnaporthaceae;g__Slopeiomyces;s__Slopeiomyces_cylindrosporus	0.9789049095115604
0dd4509035c33b6616977c4ab395cf98	k__Fungi;p__Ascomycota;c__Dothideomycetes;o__Pleosporales	0.9991920512934621
0e26f8ce8f2081661823c42c86fe369f	k__Fungi;p__Basidiomycota;c__Tremellomycetes;o__Tremellales;f__Bulleribasidiaceae;g__Vishniacozyma;s__Vishniacozyma_victoriae	0.7408324966493508
0e41fa7fbbdd8057e33a8c53913baa7f	k__Fungi;p__Basidiomycota;c__Agaricomycetes;o__Agaricales;f__Bolbitiaceae;g__Conocybe	0.9996919316974098
0e5f51169004251e9dfcd138ae770349	k__Fungi	0.9994317481673076
0e8690e607d22c4e3ed09541f66bb72d	k__Fungi;p__Ascomycota;c__Dothideomycetes;o__Pleosporales	0.9717978746755632
0ef2f58a37381793f78c2cce90b83517	k__Fungi;p__Ascomycota;c__Pezizomycetes;o__Pezizales;f__Pyronemataceae;g__Cheilymenia;s__unidentified	0.7786946800248447
0f6455be48d1a0bb7c6b77b5908d048e	k__Fungi;p__Basidiomycota	0.7618100629092184
0fd83829fcb669cd3e5ea6a8f6f1642d	k__Fungi;p__Glomeromycota;c__Glomeromycetes;o__Glomerales;f__Glomeraceae;g__Glomus;s__unidentified	0.8053383771877848
1066188764603ea987475bbc4c90bc4b	Unassigned	0.9967275652724296
10e25931f6b83205863f2adcbec3c210	k__Fungi	0.9988825373556015
116417d170caab1b34f4198486f7c9de	k__Fungi;p__Basidiomycota;c__Agaricomycetes;o__Corticiales;f__Corticiaceae;g__Limonomyces;s__unidentified	0.9997358223311362
11a25038966a1ace86927cd7bfd7aac8	k__Fungi;p__Basidiomycota	0.7525834238001567
12091f8f1135cae1efd460db3cf1a568	k__Fungi;p__Ascomycota;c__Sordariomycetes;o__Hypocreales;f__Nectriaceae;g__Ilyonectria;s__Ilyonectria_destructans	0.9944308233925027
122b4db8c58897f894ffabe50c375d12	k__Fungi;p__Ascomycota	0.9999677025929911
12650b768d45a9abe453343db7d58949	k__Fungi;p__Ascomycota;c__Sordariomycetes;o__Hypocreales;f__Hypocreales_fam_Incertae_sedis;g__Emericellopsis;s__Emericellopsis_glabra	0.7581238446935586
12bc0f0ec0aef3dad168f40d3cd0ac81	k__Fungi;p__Basidiomycota;c__Agaricomycetes;o__Agaricales;f__Entolomataceae;g__Clitopilus;s__Clitopilus_passeckerianus	0.9276742044999219
1546cd1239978a76ad538813c0412043	k__Fungi;p__Ascomycota;c__Dothideomycetes;o__Pleosporales;f__Sporormiaceae;g__Preussia	0.9928260530692684
15d83fc4a164c5bcbd987a97402821a8	k__Fungi;p__Basidiomycota;c__Microbotryomycetes;o__Microbotryomycetes_ord_Incertae_sedis;f__Chrysozymaceae;g__Udeniozyma;s__Udeniozyma_ferulica	0.9981291588586761
164522000bae4bf1ac87d18e281500ca	k__Fungi;p__Ascomycota;c__Dothideomycetes;o__Pleosporales;f__Melanommataceae;g__unidentified;s__unidentified	0.9960018464578485
164e7f5b512f762eed6eb78d1adcff71	k__Fungi;p__Ascomycota;c__Eurotiomycetes;o__Eurotiales;f__Trichocomaceae;g__Talaromyces	0.998775687350516
1670c8e29a02d6242d66e859505d074a	k__Fungi;p__Ascomycota;c__Sordariomycetes;o__Hypocreales;f__Hypocreales_fam_Incertae_sedis;g__Acremonium	0.8458526482423943
167f4b61354a5b6bb4f3016163fb3a30	k__Fungi;p__Ascomycota;c__Sordariomycetes;o__Hypocreales;f__Nectriaceae;g__Gibberella;s__Gibberella_intricans	0.9065488825721727
1680577669e1571ad3fd2cf7a7cc91a1	k__Fungi;p__Basidiomycota;c__Cystobasidiomycetes	0.9961442005082244
17043f10e55b9dec838dabf259d94f99	k__Fungi;p__Ascomycota;c__Eurotiomycetes;o__Eurotiales;f__Trichocomaceae;g__Talaromyces	0.9993400225933382
17229581c0bce37a8bcdd9c655c29d42	k__Fungi;p__Glomeromycota;c__Glomeromycetes;o__Glomerales;f__Glomeraceae;g__Glomus;s__unidentified	0.7393495514026295
179d0916ec868e3e7fec1cdc52f134d4	k__Fungi;p__Ascomycota;c__Eurotiomycetes;o__Onygenales;f__Onygenales_fam_Incertae_sedis;g__Chrysosporium;s__Chrysosporium_pseudomerdarium	0.992674904467934
181e3df7028c0a30f00c88dd7939667f	k__Fungi;p__Ascomycota;c__Leotiomycetes;o__Helotiales;f__Dermateaceae	0.7562132396591569
18235408cdebd32b5e1980c189566ee5	k__Fungi;p__Ascomycota	0.8797684977451742
1859007d46ae708eb5620a111cffd7ab	k__Fungi;p__Ascomycota	0.9574238020778599
194de12a6bb80e90b5217fdfc7afae5d	k__Fungi;p__Ascomycota;c__Sordariomycetes;o__Hypocreales;f__Hypocreaceae;g__Trichoderma	0.9978734055847579
195f1022335b494fe5657d278a1834e5	Unassigned	0.9982709208662892
1a4c84db8e0ddda0a611814bc22b1c68	k__Fungi;p__Basidiomycota;c__Tremellomycetes;o__Cystofilobasidiales;f__Cystofilobasidiales_fam_Incertae_sedis;g__Mrakiella;s__unidentified	0.9769289547758161
1a5719856987623f4fb07e0f713f29a9	k__Fungi;p__Ascomycota	0.9213189138311119
1a7b1b8a27a9c56a8b16b6df9129ba52	k__Fungi;p__Ascomycota;c__Leotiomycetes;o__Helotiales;f__Helotiaceae;g__Articulospora;s__unidentified	0.9970051724665056
1ad227d43f34dde96d55db75a36afa56	k__Fungi;p__Ascomycota;c__Dothideomycetes;o__Pleosporales;f__Didymellaceae;g__Neoascochyta;s__Neoascochyta_desmazieri	0.8635796567026626
1b4084753669bd2723c2685493d81ee8	k__Fungi;p__Ascomycota;c__Sordariomycetes;o__Xylariales;f__Microdochiaceae;g__Microdochium;s__unidentified	0.9852099011240704
1b687081bb2e802bc28b974c674e3058	k__Fungi;p__Basidiomycota;c__Agaricomycetes;o__Agaricales;f__Tricholomataceae;g__Flagelloscypha;s__unidentified	0.9897303193124621
1bb974e9396c2058df09d2fc83bc6f2a	k__Fungi;p__Ascomycota;c__Sordariomycetes;o__Hypocreales;f__Hypocreales_fam_Incertae_sedis;g__Acremonium;s__Acremonium_rutilum	0.9998543789261382
1c6ee1a03d60dbcae322a94ed52df089	k__Fungi;p__Ascomycota;c__Sordariomycetes;o__Hypocreales;f__Nectriaceae;g__Fusarium;s__Fusarium_solani	0.984218168209482
1d655577910c91826b2526caa6b979ee	k__Fungi;p__Ascomycota	0.8036014716580446
1df7dd53f860bfa8a5dc3542fefd22a6	k__Fungi;p__Basidiomycota;c__Microbotryomycetes;o__Leucosporidiales;f__unidentified;g__unidentified;s__unidentified	0.9734944902015388
1e6e110ca6921eaf46ed38b67cdcf22f	Unassigned	0.9903305733540619
1e7060c943989f671a87d34a519e39f2	k__Fungi	0.9991965460315568
1ef329c3cadef85b50981fa08f5b9293	k__Fungi;p__Ascomycota;c__Eurotiomycetes;o__Chaetothyriales;f__Cyphellophoraceae;g__Cyphellophora	0.9998717834905002
1f5cfa0bb8baf6ee64a339c4d2db1cb8	k__Fungi;p__Basidiomycota;c__Agaricomycetes;o__Agaricales;f__Tricholomataceae;g__Flagelloscypha;s__unidentified	0.9651057686322152
1f67dd519b6fef6b2298341684a5a53e	k__Fungi;p__Mortierellomycota;c__Mortierellomycetes;o__Mortierellales	0.7170657943592771
1fb31bc7de500ec0a3e32f59ac5c770d	k__Fungi	0.9994262970139687
215192d5652f3ffbf6a0b67bc99f8b40	k__Fungi;p__Ascomycota;c__Sordariomycetes	0.8579124029365595
21a4b34849fb87c3cfb7794835f027e7	k__Fungi;p__Basidiomycota	0.7470132834161852
21dab51cf0e5ccc41b3f82b2364c539d	k__Fungi;p__Ascomycota;c__Sordariomycetes;o__Hypocreales;f__Hypocreaceae;g__Trichoderma	0.9971241876620784
23653dae460460f089cefca36c304e29	k__Fungi;p__Ascomycota;c__Leotiomycetes;o__Helotiales;f__Helotiaceae;g__Tetracladium;s__unidentified	0.9231474319224915
23d702e74851e5ca37c77dede0863f75	k__Fungi;p__Basidiomycota;c__Agaricomycetes;o__Agaricales	0.8720672926878574
2425d42fbf2e96d34049d4e9f9f6e610	Unassigned	0.9944362998779491
2479b3eba344878007c146c193514d17	k__Fungi;p__Mortierellomycota;c__Mortierellomycetes;o__Mortierellales;f__Mortierellaceae;g__Mortierella;s__Mortierella_oligospora	0.9428566718393052
247ce8dd4c81aaef64919a9098689014	k__Fungi;p__Basidiomycota;c__Agaricomycetes	0.7615690979011246
249687a9c7b4b1f87c30e136a3ab720e	k__Fungi;p__Ascomycota	0.928608209013555
254c213d9a82b08c3751913c7111d6e7	k__Fungi;p__Ascomycota;c__Leotiomycetes;o__Helotiales;f__Helotiaceae;g__Scytalidium;s__Scytalidium_lignicola	0.9981883249813096
25b7cf259d3ac659e0c8fcded0e01b16	k__Fungi	0.9981798265584102
269eb0b3d5f4878cb11b14b364e1a3f5	k__Fungi;p__Ascomycota;c__Sordariomycetes;o__Sordariales;f__Sordariales_fam_Incertae_sedis;g__Conlarium;s__unidentified	0.9998809637731209
27f426b4359df6464b6135f46fb8441b	k__Fungi;p__Ascomycota;c__Pezizomycetes;o__Pezizales;f__Pyronemataceae	0.9989428204418258
2869880a7f61fae4ed4972096baa487c	k__Fungi;p__Ascomycota	0.7054575322049579
28bf240e58800b73e9eacc62e435d3d4	k__Fungi;p__Basidiomycota;c__Tremellomycetes;o__Cystofilobasidiales;f__Mrakiaceae;g__Udeniomyces;s__Udeniomyces_pyricola	0.9999999374744581
28f7f440f4da9002dbaead787f9ad5c7	k__Fungi;p__Ascomycota;c__Eurotiomycetes;o__Chaetothyriales;f__Herpotrichiellaceae;g__Exophiala;s__unidentified	0.778127668498826
29b05f9e2c6e2916a3c5f2cdb18325a7	k__Fungi;p__Basidiomycota;c__Agaricomycetes;o__Agaricales;f__Cortinariaceae;g__Cortinarius;s__Cortinarius_acutus	0.9383874291865404
2a1029d658d6f77380942ce90119b2ea	k__Fungi;p__Ascomycota;c__Sordariomycetes;o__Hypocreales;f__Bionectriaceae;g__Clonostachys;s__Clonostachys_rosea	0.9277597522156317
2ad89888152ba181b1a823f47e4481ac	k__Fungi;p__Ascomycota;c__Sordariomycetes;o__Microascales;f__Microascaceae;g__Scedosporium;s__Scedosporium_prolificans	0.8913816391663477
2b590180e6cd9df6652c75b2c1f2e738	k__Fungi	0.9973000239004298
2bb0be404f7b57f6fbc33cc078772db8	k__Fungi;p__Ascomycota	0.8609374973980688
2bf17e0d4fc3ac546a7a88d8a1e7eb8c	k__Fungi;p__Ascomycota;c__Sordariomycetes;o__Xylariales;f__Sporocadaceae;g__Pestalotiopsis;s__unidentified	0.7960302114891973
2bfb378b5d0b2fb2c067e1945245b141	k__Fungi	0.9990004022257061
2c0192dcd82b8cbb89657930e87b48fc	k__Fungi;p__Ascomycota	0.791288657041685
2c2a27179e1d72d55e3a7db168b1c69a	k__Fungi;p__Basidiomycota;c__GS25;o__GS25;f__unidentified;g__unidentified;s__unidentified	0.9999999978077483
2ccc5cc4812827b86b9581a502d9be47	k__Fungi	0.9987934017263645
2cddc6a9fd524993fbd93c20270c4a9d	k__Fungi;p__Glomeromycota;c__Glomeromycetes;o__Glomerales;f__Glomeraceae	0.9946070179373612
2d1019cd5e3cfe6a7d11fcb4a0c38777	k__Fungi;p__Ascomycota;c__Sordariomycetes;o__Glomerellales;f__Plectosphaerellaceae;g__Plectosphaerella;s__Plectosphaerella_cucumerina	0.9486889492737874
2d43c114e8c5ad5645f8adfb151f266b	k__Fungi;p__Ascomycota;c__Pezizomycetes;o__Pezizales;f__Pyronemataceae	0.8849667657400515
2d992390e14395a0aa88dc9929db540b	k__Fungi;p__Basidiomycota;c__Tremellomycetes;o__Trichosporonales;f__Trichosporonaceae;g__Trichosporon;s__unidentified	0.9385217188836772
2d994ec9a04431da66a251f9ed8f74b9	k__Fungi;p__Ascomycota;c__Dothideomycetes;o__Pleosporales	0.9919666640161232
2daa2d166e69e747456c53d66c784725	k__Fungi;p__Ascomycota;c__Dothideomycetes;o__Pleosporales;f__Lindgomycetaceae;g__Clohesyomyces;s__unidentified	0.7701274677204905
2daec65fa1134db231a3fb40ab2899bb	k__Fungi;p__Basidiomycota;c__Agaricomycetes;o__Agaricales;f__Entolomataceae;g__Clitopilus;s__Clitopilus_passeckerianus	0.9688446158113831
2e25896bb21542a6b68ec6279075df9e	k__Fungi;p__Ascomycota;c__Dothideomycetes;o__Minutisphaerales;f__Minutisphaeraceae;g__Minutisphaera;s__Minutisphaera_aspera	0.9861739134033445
2e9118290a768479dfe67a1f290a36aa	k__Fungi;p__Ascomycota	0.9035530878554616
30864f1328b4a19d3eb72f6e166d2ae6	k__Fungi;p__Basidiomycota;c__Agaricomycetes;o__Polyporales;f__Ganodermataceae;g__Ganoderma;s__Ganoderma_lucidum	0.8425761559497477
309a3189fb379cb26bf9f1c46316a73a	k__Fungi;p__Basidiomycota;c__Agaricomycetes;o__Russulales;f__Peniophoraceae;g__Subulicystidium;s__Subulicystidium_longisporum	0.8864524419442585
3197e9cc417abe6722f18d6cfb41359f	k__Fungi;p__Ascomycota;c__Sordariomycetes;o__Hypocreales;f__Nectriaceae	0.9854812031335571
3342483399a4edf5656e6f7ae0b58392	Unassigned	0.9961145490966177
335c201e6a17ef87bf16b0567e3609d2	k__Fungi;p__Basidiomycota;c__Tremellomycetes;o__Cystofilobasidiales;f__Mrakiaceae;g__Mrakia	0.881110352517264
33c19803d8be87ec0f2f894124a7fcc6	k__Fungi;p__Ascomycota;c__Dothideomycetes;o__Pleosporales;f__Lentitheciaceae	0.8376168519894992
33d18882b0cdf3772c16e15798e96dd5	k__Fungi;p__Basidiomycota;c__Agaricomycetes;o__Agaricales;f__Tricholomataceae;g__Flagelloscypha;s__unidentified	0.9853157298372242
350ac865964b3cb4bd5ad8043373f3a1	k__Fungi	0.9985218978599196
3577eb3a25c9fb404ffa33e1627adb54	k__Fungi;p__Basidiomycota;c__Agaricomycetes	0.7723083376133187
359278d79197739e064ba25a1ce18262	k__Fungi;p__Ascomycota;c__Sordariomycetes;o__Sordariales;f__Lasiosphaeriaceae;g__Apodus;s__Apodus_deciduus	0.8726613823768186
359b4dd3b7e66848fc8b2e006e70b9e7	k__Fungi;p__Basidiomycota;c__Agaricomycetes	0.7009799942317274
35f98935cc546f69d20962fc1c1bb5e8	k__Fungi;p__Basidiomycota;c__Agaricomycetes;o__Auriculariales	0.7908999158491532
365020a8944b6b663420931aeb0b753c	k__Fungi;p__Basidiomycota;c__Microbotryomycetes;o__Leucosporidiales;f__Leucosporidiaceae;g__Leucosporidium	0.7267694483641637
36fede2c286419ebef068c9249c1184f	k__Fungi;p__Ascomycota	0.8483895721270738
379d9f6adabaabb548c97e65fed16f4b	k__Fungi;p__Mortierellomycota;c__Mortierellomycetes;o__Mortierellales;f__Mortierellaceae;g__Mortierella;s__Mortierella_fimbricystis	0.9990681024981766
37b32aab69ad11101ef7370fa70e1cbe	k__Fungi	0.9980468751016649
37b791cc97374dcc3391b1ac6d0f04d7	k__Fungi	0.9993330609762535
37c0c3b47bfa80d95a027bf08866ab01	k__Fungi;p__Ascomycota;c__Sordariomycetes;o__Xylariales;f__Sporocadaceae;g__Pestalotiopsis	0.9982103112518546
3870dd57ac4899a82aef58db173b168f	k__Fungi;p__Ascomycota;c__Sordariomycetes	0.7292879930266103
38b601cd2d83743b9dafe96a85a736e7	k__Fungi;p__Ascomycota;c__Sordariomycetes;o__Hypocreales;f__Nectriaceae;g__Ilyonectria;s__Ilyonectria_destructans	0.9502625734123807
38f18f0e15526bf1082c3dba5fd3e3b6	Unassigned	0.9965751886276614
3905ead49c14db69cbc60d148345a4af	k__Fungi;p__Basidiomycota;c__Agaricomycetes;o__Agaricales;f__Agaricaceae;g__Coprinus;s__Coprinus_cordisporus	0.9976808092607244
39929abba6530d1ce69b0189624f4eaa	k__Fungi;p__Ascomycota;c__Leotiomycetes;o__Helotiales;f__Helotiaceae;g__Scytalidium;s__Scytalidium_lignicola	0.9954467463810787
399325a20c9aca2113749863a1597e0d	k__Fungi;p__Glomeromycota;c__Glomeromycetes;o__Glomerales;f__Claroideoglomeraceae;g__unidentified;s__unidentified	0.9851589402931004
3a007b7b4caa5ad75eab4f26ed8af5c7	k__Fungi	0.9987818381106419
3a3a743551cf419e92b0afc238d3295f	Unassigned	0.9977475061068358
3b92ca78403cc1d5f924ea85d6c2e390	k__Fungi;p__Ascomycota;c__Leotiomycetes;o__Helotiales;f__Helotiales_fam_Incertae_sedis;g__Cadophora;s__unidentified	0.9474470895819763
3b93cf2da8317911218deaa0e6bb5f64	k__Fungi	0.9979241255925043
3bb63dc7394683e0e9d4cd0a136ab9c5	k__Fungi;p__Ascomycota;c__Sordariomycetes;o__Microascales;f__Microascaceae	0.94114340232092
3bbeb1e5ffd84d8190d5d940bd7002cf	k__Fungi;p__Ascomycota;c__Sordariomycetes;o__Hypocreales;f__Stachybotryaceae;g__Myrothecium	0.9725847650604611
3bd980ffbce8a84b8aa61710666784ae	Unassigned	0.9919383428308712
3c6eb49cb9beb706ebcbab11d182a72e	k__Fungi;p__Ascomycota;c__Sordariomycetes;o__Hypocreales;f__Hypocreaceae;g__Trichoderma;s__Trichoderma_spirale	0.9556093836527749
3c84ba1c86b2977d7929425a313b30cc	k__Fungi;p__Ascomycota;c__Pezizomycetes;o__Pezizales;f__Pyronemataceae;g__Pseudaleuria;s__unidentified	0.7853752578920635
3cd22746ace5ed7b185330665160d84f	k__Fungi;p__Ascomycota;c__Sordariomycetes;o__Myrmecridiales;f__Myrmecridiaceae;g__Myrmecridium;s__unidentified	0.8843940562896072
3cef1d6815725f4671a6d9d98a8d54fb	k__Fungi;p__Mortierellomycota;c__Mortierellomycetes;o__Mortierellales;f__Mortierellaceae;g__Mortierella	0.9999938061668567
3cf8c8fe7143b6f37a5d1da9500d8e05	k__Fungi	0.9982026381583757
3d07f18d0384f69da474b4fa79b6412d	k__Fungi;p__Ascomycota;c__Dothideomycetes;o__Capnodiales;f__Cladosporiaceae;g__Cladosporium	0.9792370904910075
3d350c649919ae3b1cca30b51167cb65	k__Fungi;p__Ascomycota;c__Leotiomycetes;o__Helotiales;f__Helotiaceae;g__Tetracladium	0.99975562332307
3d7027c0ad4c2e13e7ef84630558b9d7	k__Fungi;p__Ascomycota;c__Sordariomycetes;o__Hypocreales;f__Nectriaceae;g__Gibberella;s__Gibberella_tricincta	0.8987278944471789
3d86cce9e397db52ff3970f9df8bac45	k__Fungi;p__Basidiomycota;c__Tremellomycetes;o__Cystofilobasidiales	0.9999997395167054
3d9bcd13e2b86866c9eb316a86cd4385	k__Fungi;p__Ascomycota	0.9310228631027456
3df0e7da803a6ac11d653f640b6dffde	k__Fungi;p__Ascomycota;c__Leotiomycetes;o__Helotiales;f__Helotiales_fam_Incertae_sedis;g__Cadophora;s__unidentified	0.729336060511523
3e401b19e03b5c76d7d4c3664f5abec8	k__Fungi;p__Ascomycota;c__Leotiomycetes;o__Helotiales;f__Hyaloscyphaceae;g__Cistella;s__unidentified	0.8153394645199559
3e5f2eaae173c2dac5a67fe8cc61bd99	k__Fungi;p__Ascomycota;c__Sordariomycetes	0.7253823008153041
3e6093b2504c1c78d585b86bb34b0e22	k__Fungi;p__Basidiomycota;c__Agaricomycetes;o__Agaricales;f__Psathyrellaceae	0.9887341838233437
3e8749589b3041f116088cedc3840cdb	k__Fungi	0.9993563674900662
3f6d014e7c3f7528282c6cff0ecf95f1	k__Fungi;p__Mucoromycota;c__Umbelopsidomycetes;o__Umbelopsidales;f__Umbelopsidaceae;g__Umbelopsis;s__unidentified	0.7346365953679974
3fa48cd67b1ccb895e26eac12e63f209	k__Fungi;p__Ascomycota;c__Sordariomycetes;o__Hypocreales;f__Nectriaceae;g__Fusarium;s__Fusarium_solani	0.9934472981599426
401a55f002d6cfd9f9bec3d30247e0a5	k__Fungi	0.998934135566499
4051e54a8096651d334a6d2c6f07d425	Unassigned	0.9984704881287562
40868bc9fd470fbe878b9b53b0d6bb77	k__Fungi;p__Ascomycota;c__Sordariomycetes;o__Hypocreales;f__Stachybotryaceae;g__Myrothecium	0.7986675431686141
412c67aa3d67698cbc627b2b48577c32	k__Fungi;p__Mortierellomycota;c__Mortierellomycetes;o__Mortierellales;f__Mortierellaceae;g__Mortierella	0.9999972698647164
41683013985f54bfe73d58a7cfc0fb38	k__Fungi;p__Ascomycota;c__Sordariomycetes;o__Glomerellales;f__Plectosphaerellaceae;g__Plectosphaerella;s__Plectosphaerella_cucumerina	0.9970774922145945
43247fdd1d93233b29a56ee38067d2c7	k__Fungi	0.9990364676572322
439c033f50b9d3aa4d998292a799e2ce	k__Fungi;p__Basidiomycota;c__Agaricomycetes	0.8092171755456917
43a6b4604c30298585482d9c2072fb90	k__Fungi;p__Ascomycota;c__Sordariomycetes;o__Hypocreales;f__Cordycipitaceae;g__Lecanicillium	0.9908478027132142
447abe4c36719bed62ca6e9f4f787da9	k__Fungi;p__Basidiomycota;c__Tremellomycetes;o__Tremellales;f__Bulleraceae;g__Bullera;s__Bullera_alba	0.9476927100087704
4530f18175f87bd3e4bd5970e26b78ce	k__Fungi;p__Ascomycota;c__Dothideomycetes;o__Pleosporales;f__Melanommataceae;g__unidentified;s__unidentified	0.7659045492885057
463f4d96c97f5972a75b8110c6263621	k__Fungi;p__Ascomycota;c__Sordariomycetes	0.807369604932248
4701412301bffeb486fd12277614c241	k__Fungi;p__Glomeromycota;c__Archaeosporomycetes;o__Archaeosporales;f__unidentified;g__unidentified;s__unidentified	0.9963743855726759
4800ddfa86b2de3487a9f6050880daee	k__Fungi;p__Ascomycota	0.7041901239053675
48511d4de5dcd48296fbe2ca2fc65337	k__Fungi	0.9987846820616798
48627e2a5f4257d01dabc54fc4ae24a6	k__Fungi;p__Ascomycota;c__Pezizomycetes;o__Pezizales;f__Pyronemataceae;g__Scutellinia;s__Scutellinia_scutellata	0.8690332361878325
48c68d93105b742cf7ff5ca733a340fe	Unassigned	0.9985194600946046
48dc58bd5199beaf8fdb939ebdd5b92a	k__Fungi;p__Ascomycota;c__Leotiomycetes;o__Helotiales;f__Hyaloscyphaceae;g__Cistella;s__unidentified	0.8436361909509152
48f1826f8a68a75695063d418e3574ab	k__Fungi;p__Ascomycota;c__Leotiomycetes;o__Helotiales;f__Helotiaceae;g__Tetracladium	0.9966076316977358
493185df792d861cc1d4387ef4016d20	k__Fungi;p__Ascomycota;c__Sordariomycetes;o__Hypocreales;f__Nectriaceae	0.9842543551911008
49df8ef216bb741a14166b9cb990a119	k__Fungi;p__Ascomycota;c__Leotiomycetes;o__Helotiales;f__Helotiaceae;g__Tetracladium;s__unidentified	0.97753648455734
4b333b896755f8c8b143e4c0733fd41a	k__Fungi;p__Basidiomycota;c__Agaricomycetes	0.836299502758566
4b8612b1d01ac97f6a13a2ce52d080c0	k__Fungi	0.9989196537260407
4b8cc216df1c2b0bbc4a85bcdebb23d0	k__Fungi;p__Ascomycota;c__Pezizomycetes;o__Pezizales;f__Pyronemataceae;g__Scutellinia;s__Scutellinia_scutellata	0.9919594746676659
4bddd68590714bf4f819d5e6f4a892d3	k__Fungi;p__Ascomycota;c__Sordariomycetes;o__Hypocreales;f__Clavicipitaceae	0.9999552623236218
4bed7fe88a74ca1b366a77f77de36546	k__Fungi;p__Basidiomycota;c__Agaricomycetes;o__Agaricales;f__Tricholomataceae;g__Mycena;s__unidentified	0.9642013111224245
4bf9a81b61f5115ed929c1692f2a8c64	k__Fungi;p__Ascomycota;c__Eurotiomycetes;o__Chaetothyriales;f__Herpotrichiellaceae;g__Exophiala;s__Exophiala_opportunistica	0.9802640230234573
4bff415523cb2677e55df2cbff317695	k__Fungi;p__Ascomycota;c__Sordariomycetes	0.7091268129686545
4ce2b31cbb0b43bc7beaaba571eda204	k__Fungi;p__Basidiomycota;c__Tremellomycetes;o__Cystofilobasidiales;f__unidentified;g__unidentified;s__unidentified	0.9479892137883348
4d2414258555a6523ece35a6568f7782	k__Fungi;p__Ascomycota	0.9506211727916638
4d317df9006d52e6e808f1aa977eee9f	k__Plantae;p__Chlorophyta;c__Trebouxiophyceae;o__Trebouxiales;f__Trebouxiaceae;g__Trebouxia;s__Trebouxia_decolorans	0.9980016409840657
4d374a813ffa43d2161943cfef030684	k__Fungi	0.9994466776704352
4d40793e6eea34a4ddab2f2963bde301	k__Fungi;p__Chytridiomycota;c__Rhizophlyctidomycetes;o__Rhizophlyctidales;f__Rhizophlyctidaceae;g__Rhizophlyctis;s__Rhizophlyctis_rosea	0.9859216880534631
4d6c33f2b2973bb646056aa954fb5c65	k__Fungi;p__Basidiomycota;c__Agaricomycetes;o__Polyporales;f__Ganodermataceae;g__Ganoderma;s__Ganoderma_lucidum	0.8128816467069699
4e8a00813141983f1199242477add5e6	k__Fungi;p__Ascomycota;c__Sordariomycetes;o__Hypocreales;f__Hypocreales_fam_Incertae_sedis;g__Acremonium;s__Acremonium_alternatum	0.999784862013705
4e9010410af3bbbd9fc16b1f982df5b7	k__Fungi	0.9980784111172829
4eb06fd2b23f266a4e5478e40486bc7a	k__Fungi;p__Mortierellomycota;c__Mortierellomycetes;o__Mortierellales;f__Mortierellaceae;g__Mortierella;s__Mortierella_pseudozygospora	0.9283996922409342
4f22d9cb442f818fd9bce1955c21a42d	k__Fungi;p__Ascomycota;c__Sordariomycetes;o__Sordariales;f__Sordariales_fam_Incertae_sedis;g__Conlarium;s__unidentified	0.9851232108496607
4f45b027d26a41fb69c7ec5addf6dec6	k__Fungi;p__Basidiomycota;c__Agaricomycetes;o__Agaricales;f__Psathyrellaceae;g__Psathyrella	0.9681711732814
4fd198fb9ce7b2bdd29e7d09ea9a67d5	k__Fungi;p__Ascomycota;c__Eurotiomycetes;o__Chaetothyriales;f__Herpotrichiellaceae;g__Phialophora;s__Phialophora_livistonae	0.9979949459033568
505b5bda54f8f1950fa0586077b22800	k__Fungi;p__Ascomycota;c__Taphrinomycetes;o__Taphrinales;f__Protomycetaceae;g__Protomyces;s__Protomyces_inouyei	0.9986792171258171
5151025ef954f92fdb1dcb1cb5f00652	k__Fungi;p__Basidiomycota;c__Agaricomycetes	0.8110107388045787
51b43ec717a67da94f10f400ee77eb98	k__Fungi;p__Basidiomycota;c__Agaricomycetes;o__Corticiales;f__Corticiaceae;g__Limonomyces;s__unidentified	0.9999082533988203
520161809f75dce469eae0001090efa4	k__Fungi;p__Ascomycota;c__Dothideomycetes	0.7293754899609936
5260c0ae9e732b308d0adc401feaceb1	k__Fungi;p__Ascomycota;c__Sordariomycetes;o__Sordariales;f__Sordariales_fam_Incertae_sedis;g__Conlarium;s__unidentified	0.9953952448942186
55410d309dbd1ded974ea6fa49a74b65	k__Fungi	0.9977851745497884
55d83bebcd692445b55ef5cf17e77c39	k__Fungi	0.9990552948764232
562d9c707f6af6ddf6b96dd46eb207d6	k__Fungi;p__Basidiomycota;c__Agaricomycetes	0.7672866701100547
5697bb7ca145e715d6d130fd7caad82f	k__Fungi;p__Ascomycota;c__Dothideomycetes;o__Pleosporales	0.9342530618326983
569eacdd847de9e337eeb1d1a4e71d36	k__Fungi;p__Ascomycota;c__Sordariomycetes;o__Hypocreales;f__Nectriaceae	0.9904058717416767
56f7cd1e9bf69a507d5b8b7aff0d5949	k__Fungi;p__Mortierellomycota;c__Mortierellomycetes;o__Mortierellales;f__Mortierellaceae;g__Mortierella	0.9998561564003356
56faa86aeb003a4103e4bd7780da1bfb	k__Fungi;p__Ascomycota;c__Leotiomycetes;o__Helotiales;f__Hyaloscyphaceae;g__Cistella;s__unidentified	0.9973385737974614
571d585e67bbc2bc243c4b9a49d41e06	k__Fungi;p__Mortierellomycota;c__Mortierellomycetes;o__Mortierellales;f__Mortierellaceae;g__Mortierella;s__Mortierella_parvispora	0.9999882195136098
572cbf757c5a04f36440181372183a5e	k__Fungi;p__Ascomycota;c__Dothideomycetes;o__Pleosporales;f__Pleosporaceae;g__Alternaria	0.9997445948436615
5799b93865539ca101cde60c1e1f2faa	k__Fungi;p__Basidiomycota;c__Tremellomycetes;o__Cystofilobasidiales;f__Mrakiaceae;g__Mrakia	0.9283008160690661
584ab1c3a88e43a848ffcd8abd9bfb73	k__Fungi;p__Basidiomycota;c__Agaricomycetes;o__Agaricales;f__Psathyrellaceae;g__Coprinopsis;s__Coprinopsis_vermiculifer	0.8032048529327027
58beccba5e141b02f046db2866642509	k__Fungi;p__Basidiomycota;c__Agaricomycetes;o__Agaricales;f__Agaricaceae;g__Coprinus;s__Coprinus_cordisporus	0.9999307200495854
592a1704738f22c5e0e20d1594f098a1	k__Fungi;p__Basidiomycota;c__Agaricomycetes;o__Sebacinales	0.9991294648246882
59eea91acf9b9cdccac95fb4fa7b25ce	k__Fungi	0.9992438197637395
5a170f19a4b222330f19c52272ac888b	k__Fungi;p__Ascomycota;c__Sordariomycetes;o__Sordariales;f__Chaetomiaceae;g__unidentified;s__unidentified	0.7754306081963418
5a216757ebed5f1ea06f5bf485f7dc0d	k__Fungi;p__Glomeromycota;c__Glomeromycetes;o__Glomerales;f__Glomeraceae	0.9937909686767437
5a2abde8c8fcd3c0bd2baf43daeeabf8	k__Fungi;p__Rozellomycota;c__Rozellomycotina_cls_Incertae_sedis;o__GS06;f__unidentified;g__unidentified;s__unidentified	0.999339618085765
5a4c67942bd6daced2cee3554c9231a3	k__Fungi;p__Ascomycota;c__Orbiliomycetes;o__Orbiliales;f__Orbiliales_fam_Incertae_sedis;g__Vermispora;s__Vermispora_fusarina	0.9284208285615961
5ab30a18837626ef02e01a1e791c5c2a	k__Fungi;p__Basidiomycota;c__Agaricomycetes;o__Agaricales;f__Psathyrellaceae;g__Psathyrella	0.9216529272727111
5b4dbb786a366e940e7eae12a1bf79c1	k__Fungi;p__Basidiomycota;c__Agaricomycetes;o__Auriculariales;f__Auriculariales_fam_Incertae_sedis;g__Oliveonia;s__Oliveonia_pauxilla	0.8507253174002841
5b76f1ca0f612679585430a058e2fdaa	k__Fungi;p__Basidiomycota;c__Agaricomycetes;o__Agaricales;f__Bolbitiaceae;g__Conocybe;s__Conocybe_apala	0.8619286129134636
5bbb0e07f8a92d7c215ebd0569918514	k__Fungi	0.9987980832269723
5c2e9927367f04216aaa65aa019963de	k__Fungi	0.9977004620611597
5c33f3412884df6b1fcbf506abf5b4af	k__Fungi;p__Ascomycota;c__Dothideomycetes;o__Pleosporales	0.9991815310213906
5ccfcf584df09daa30fc6d6d95177362	Unassigned	0.7262558379622037
5d7691677c69713e146e023659be1ab6	k__Fungi;p__Ascomycota;c__Leotiomycetes;o__Helotiales;f__Helotiales_fam_Incertae_sedis;g__Cadophora;s__unidentified	0.9945541616637201
5d7c40d3c44126d6e3fd0f9a161f9d2f	k__Fungi;p__Ascomycota;c__Dothideomycetes;o__Pleosporales;f__Lophiotremataceae;g__Lophiotrema;s__Lophiotrema_eburnoides	0.8565966454647311
5dcaecdb7cbba7f4e254d6491284c231	k__Fungi;p__Ascomycota;c__Pezizomycetes;o__Pezizales;f__Pyronemataceae;g__Heydenia;s__Heydenia_alpina	0.9514486370128925
5de3d9d3682777f3bbd9e50517771965	k__Fungi;p__Mortierellomycota;c__Mortierellomycetes;o__Mortierellales;f__Mortierellaceae;g__Mortierella	0.999876773323941
5e58daeccb678b00e1efa2062586ce56	k__Fungi;p__Ascomycota;c__Sordariomycetes;o__Sordariales;f__Chaetomiaceae	0.7597084108270372
5e8d9ed9b61ef7e0dbebbb848f6fb652	k__Fungi;p__Basidiomycota;c__Agaricomycetes	0.9635364359026236
5ec44fd87db3ec8a9a2baceb657f5a5f	k__Fungi;p__Basidiomycota;c__Tremellomycetes;o__Tremellales;f__Trimorphomycetaceae;g__Saitozyma;s__Saitozyma_podzolica	0.9999940373519809
5ed1a6a5b93cdc4f6f47dac228be6d45	k__Fungi;p__Basidiomycota;c__Tremellomycetes;o__Cystofilobasidiales;f__Cystofilobasidiaceae;g__Cystofilobasidium;s__Cystofilobasidium_macerans	0.999999838258488
5fb35bc556aab7617382fde9dbbefe05	k__Fungi;p__Ascomycota;c__Leotiomycetes;o__Helotiales;f__Helotiales_fam_Incertae_sedis;g__Cadophora;s__unidentified	0.9738952224839178
602a7b77f4d4540285ab46e270b86cd3	k__Fungi;p__Mortierellomycota;c__Mortierellomycetes;o__Mortierellales;f__Mortierellaceae;g__Mortierella;s__Mortierella_beljakovae	0.9875484199592661
60d178680f86005becf8a4aa005e5df4	k__Fungi;p__Ascomycota;c__Sordariomycetes;o__Sordariales;f__Lasiosphaeriaceae	0.9998196183389193
61281144b0d5d8ea8075091b9bb7d42b	k__Fungi;p__Ascomycota;c__Sordariomycetes;o__Hypocreales;f__Nectriaceae;g__Ilyonectria;s__Ilyonectria_destructans	0.998592835193414
613d8b5a8af1261017f69f021129f857	k__Fungi;p__Ascomycota	0.8661438144374658
61484d4a980b671ee0d037cdcc45c4cc	k__Fungi;p__Ascomycota;c__Sordariomycetes;o__Sordariales;f__Sordariales_fam_Incertae_sedis;g__Remersonia;s__Remersonia_thermophila	0.9984734249609465
61f05cd7713d9150637629d9b8d22f12	k__Fungi;p__Basidiomycota;c__Agaricomycetes;o__Corticiales;f__Corticiaceae;g__Corticium;s__unidentified	0.9126970284305005
6246d2ae408a147eb8ba88bf11087753	k__Fungi;p__Ascomycota;c__Pezizomycetes;o__Pezizales;f__Pyronemataceae	0.9975451939858802
62884066398ab3a402b5ca5d77aea1bc	k__Fungi	0.9990462873723399
6292a57cc090f0f7d06f49206fc155a7	k__Fungi;p__Ascomycota	0.9214935900610688
62be9a11c6c4997916bcccb8224a37e0	k__Fungi;p__Chytridiomycota;c__Rhizophydiomycetes;o__Rhizophydiales;f__Rhizophydiaceae;g__Rhizophydium;s__unidentified	0.8051406983940274
62ff297d3d5d4168d191201bce63b20f	k__Fungi;p__Basidiomycota;c__Geminibasidiomycetes;o__Geminibasidiales;f__Geminibasidiaceae;g__Geminibasidium;s__unidentified	0.9998264758817729
631d191770981e680b79bcc2667f12a5	k__Fungi	0.9993901458236928
6330055e7264e55b4b739ba910580203	k__Fungi;p__Ascomycota;c__Dothideomycetes;o__Capnodiales;f__Cladosporiaceae;g__Cladosporium	0.9961426219706225
63671d6617b0aeaad8c98fd9d1a20aa7	k__Fungi;p__Ascomycota	0.9269135076911148
63dd7db9fbab8bb84ac2042191e7745b	k__Fungi;p__Basidiomycota;c__Microbotryomycetes;o__Microbotryomycetes_ord_Incertae_sedis;f__Chrysozymaceae;g__Udeniozyma;s__Udeniozyma_ferulica	0.9987254720971305
63e673bfbd08616f88b641433c8054a5	k__Fungi	0.9983889811973133
643f59fbe165d7857d4cd6a2f0a8f983	k__Fungi;p__Ascomycota;c__Leotiomycetes;o__Helotiales;f__Helotiaceae	0.992339778327732
643ffd2e2e8b1dce6e6c944797693123	k__Fungi;p__Ascomycota;c__Sordariomycetes;o__Hypocreales;f__Nectriaceae	0.9799124892996363
645461bab12f3eeb8b1b8a2289abe1cb	k__Fungi;p__Basidiomycota;c__Agaricomycetes;o__Agaricales;f__Strophariaceae;g__Pholiota	0.9967850105793685
64a562e5c33ec661759c000ebf8d72e9	k__Fungi;p__Mortierellomycota;c__Mortierellomycetes;o__Mortierellales;f__Mortierellaceae;g__Mortierella	0.7662079230349702
64b656817b1508f3c80ade22e788dc79	k__Fungi	0.9989751701491243
64bae5bf3078aa1eaaf256749e1bd977	k__Fungi;p__Ascomycota;c__Sordariomycetes;o__Hypocreales;f__Nectriaceae;g__Fusarium;s__Fusarium_solani	0.992288496569217
64c80ee8f23844a383946272f3dadc10	k__Fungi;p__Ascomycota	0.9259798730542526
64cc5a6ad3a6d0254be0168379f7fad8	k__Fungi;p__Basidiomycota;c__Agaricomycetes;o__Agaricales;f__Tricholomataceae;g__Mycena	0.9557431916922561
653d383134c7c54d0a8d760ca95a0c54	k__Fungi;p__Ascomycota;c__Sordariomycetes;o__Diaporthales	0.9988153014075577
655ca74e1f7231d18f3e265dbdd5e0c3	k__Fungi;p__Ascomycota;c__Dothideomycetes;o__Pleosporales	0.9143780172897933
65a0d1d47d6c13f3ff705ae57ee0e7c7	k__Fungi;p__Ascomycota;c__Leotiomycetes;o__Helotiales;f__Hyaloscyphaceae;g__Cistella;s__unidentified	0.918156759116609
65e80855c6d299361d240f9b09a28928	k__Fungi	0.9988312685839682
6609aa868fa7c44129b1928158b17bfc	k__Fungi;p__Ascomycota;c__Dothideomycetes;o__Pleosporales;f__Massarinaceae;g__Stagonospora;s__unidentified	0.9919362087298657
6614a0e4cf43f94c1a133cff11342176	k__Fungi;p__Ascomycota;c__Eurotiomycetes;o__Chaetothyriales;f__Cyphellophoraceae;g__Cyphellophora	0.9996225535269153
66769fe3527e64744aa67a601d1d3651	k__Fungi;p__Basidiomycota;c__Agaricomycetes;o__Agaricales	0.8339128544491967
66b8b07d542c3c374ad470d37083b34e	k__Fungi;p__Ascomycota	0.7764162795576314
66d19aa42825cdd85ce0e2a22bfe6dd0	k__Fungi;p__Ascomycota;c__Sordariomycetes;o__Hypocreales;f__Nectriaceae;g__Gibberella;s__Gibberella_tricincta	0.8210832189815026
6757945cb3532148052856d892d6e230	k__Fungi;p__Basidiomycota;c__Tremellomycetes;o__Holtermanniales;f__Holtermanniales_fam_Incertae_sedis;g__Holtermanniella;s__Holtermanniella_takashimae	0.9999955326975136
67b024ce86dd6283aee7d2df9fe03b4f	Unassigned	0.9951332619627435
67c247609aab3e493c1c1b165221c5fd	k__Fungi;p__Ascomycota;c__Sordariomycetes;o__Glomerellales;f__Plectosphaerellaceae;g__Acrostalagmus;s__Acrostalagmus_luteoalbus	0.9999990526884457
67f80fd6978af5f03ff473dba6787a43	Unassigned	0.9963689246671459
681064fb1d926eaffe8a09abd2c03f10	k__Fungi	0.9983141942955461
681baa9934324cab4dd6530aae3753f6	k__Fungi;p__Ascomycota;c__Dothideomycetes;o__Pleosporales;f__Pleosporaceae;g__Alternaria;s__unidentified	0.7114242775844816
686b72f89b736558967b690961a12cfb	k__Fungi;p__Basidiomycota;c__Tremellomycetes;o__Filobasidiales;f__Filobasidiaceae;g__Naganishia;s__Naganishia_albida	0.9896437611312382
6885ca002ba17ce754d3042f075f3a19	k__Fungi;p__Basidiomycota;c__GS25;o__GS25;f__unidentified;g__unidentified;s__unidentified	0.9999999977849541
695116e9f3dc8a92e1941fdfff0d096c	Unassigned	0.9984599887789365
695fd7dc535325e8f18319ca01cf28c8	k__Fungi;p__Basidiomycota;c__Agaricomycetes;o__Hymenochaetales;f__Schizoporaceae;g__Xylodon;s__unidentified	0.906493573808217
698df6c4ef46daff5f4d1e37d9a1be81	k__Fungi;p__Ascomycota;c__Orbiliomycetes;o__Orbiliales;f__Orbiliaceae	0.9852206011289153
6aec4992985d2e0c0cc969502ccb70a8	Unassigned	0.9972092724294729
6b5e6226a543421e305dc13db18648eb	k__Fungi;p__Basidiomycota;c__Agaricomycetes;o__Agaricales;f__Entolomataceae;g__Entoloma;s__Entoloma_sericeum	0.8916458426178565
6bb9072b9302892ecf56ad50ac1030ea	k__Fungi;p__Basidiomycota;c__Tremellomycetes;o__Filobasidiales;f__Filobasidiaceae;g__Naganishia;s__Naganishia_randhawae	0.9796580188876984
6c0a06a168c3b3c1cf9edeb99aede692	k__Fungi;p__Mortierellomycota;c__Mortierellomycetes;o__Mortierellales;f__Mortierellaceae;g__Mortierella;s__Mortierella_parvispora	0.999991404607662
6cfb841d7886d1e599b8d9b5d454cc6b	k__Fungi	0.9996323400524116
6d0e1eb98ac0e75c0343c4fbfc6d7d6b	k__Fungi;p__Ascomycota;c__Sordariomycetes;o__Xylariales;f__Xylariaceae;g__Xylaria	0.7500317712969926
6d208a1f42571d58acf0ab622f988033	k__Fungi;p__Ascomycota;c__Leotiomycetes;o__Helotiales;f__Helotiaceae;g__Tetracladium	0.9991600402582793
6d6800255ad7ef3ac8c5ed83f52d3a59	k__Fungi;p__Ascomycota;c__Dothideomycetes;o__Pleosporales;f__Tetraplosphaeriaceae;g__Tetraplosphaeria	0.9996790375348177
6d7dc70a7b56c2db66a44eeddb46cb63	k__Fungi;p__Glomeromycota;c__Glomeromycetes;o__Glomerales;f__Glomeraceae;g__Glomus;s__unidentified	0.7422082853987404
6e1ef7b2afa13785e964de2494c80377	k__Fungi	0.9985091412067896
6e3f3e3cc4ae82a8a4b59b521721d4cd	k__Fungi;p__Basidiomycota;c__Agaricomycetes;o__Agaricales;f__Entolomataceae;g__Entoloma	0.8253407763753029
6e9d64c89aeb3ddcab9b819bd34c3015	k__Fungi;p__Basidiomycota;c__Agaricomycetes	0.8622132324052401
6f45c4312e89d8034ef8a725dcec25b5	k__Fungi;p__Basidiomycota;c__Agaricomycetes;o__Agaricales;f__Tricholomataceae;g__Mycena;s__unidentified	0.736237684526254
6f5f88548579415d98df7374dcd5d97e	k__Fungi;p__Basidiomycota;c__Agaricomycetes	0.7323374941548481
6f71b0634bf88fca7094536e7a8146a0	k__Fungi;p__Ascomycota;c__Pezizomycetes;o__Pezizales;f__Ascobolaceae;g__Ascobolus;s__unidentified	0.962074500765716
6ff24da71c8b5657b97d6d3ee43edd41	k__Fungi;p__Ascomycota;c__Sordariomycetes;o__Hypocreales;f__Hypocreales_fam_Incertae_sedis;g__Sarocladium;s__Sarocladium_strictum	0.9994963052662749
700cc72db3691b429523e57c6ef0a465	k__Fungi;p__Ascomycota;c__Dothideomycetes;o__Pleosporales;f__Phaeosphaeriaceae;g__Ophiosphaerella;s__unidentified	0.9991212805645762
706b41bf2d224358819584ced2f7d828	k__Fungi	0.998241011227079
70d5462d67dd5adc40c52556b49d7116	k__Fungi;p__Ascomycota;c__Sordariomycetes;o__Hypocreales;f__Nectriaceae;g__Fusicolla	0.7122010059710319
711f5aaf792a948d55387d609181a4ba	k__Fungi;p__Ascomycota	0.9237302369968586
71995e263060387dc5484fb786102561	k__Fungi;p__Basidiomycota	0.7510017513479353
71a12f4e7574ad9777afadae3c6024d1	Unassigned	0.993579668921823
71aa9e1bb9aae991950bad6445f40dc3	k__Fungi;p__Ascomycota;c__Pezizomycetes;o__Pezizales;f__Pyronemataceae	0.9855140385875487
71d54c8c0a8c9b0f922a67eaa660c718	k__Fungi;p__Basidiomycota;c__Tremellomycetes;o__Filobasidiales;f__Filobasidiaceae;g__Goffeauzyma;s__Goffeauzyma_gastrica	0.9999983129360166
71efb21c39269d6c85a5f9699f090077	k__Fungi	0.9985725509311286
71f60a1662b55742b015c05580492359	k__Fungi	0.9987325995090192
724398c80298af8034d8cfe9f4ee2f22	Unassigned	0.9976186884681543
72646f3df1a4746450e2f65104ff437b	k__Fungi;p__Basidiomycota;c__Ustilaginomycetes;o__Urocystidales;f__Glomosporiaceae;g__Glomosporium;s__Glomosporium_amaranthi	0.999806174009186
73106bc9c98ebb9d548e2132dcbe9524	k__Fungi;p__Ascomycota	0.8254699994639587
732ee4f1974a1a27f6b84e4cc839d407	k__Fungi;p__Ascomycota;c__Sordariomycetes	0.7155387534659203
744aba4ec45e226939bacd1dd1d9d430	k__Fungi;p__Ascomycota;c__Sordariomycetes;o__Hypocreales;f__Nectriaceae;g__Volutella;s__unidentified	0.9966649732576729
7476720be61ea093e92c0a593d164ae4	k__Fungi;p__Ascomycota;c__Dothideomycetes;o__Minutisphaerales;f__Minutisphaeraceae;g__Minutisphaera;s__Minutisphaera_aspera	0.9927114003668567
7562569eeb71c70015a97ea35bc7d0bc	k__Fungi;p__Basidiomycota;c__Microbotryomycetes;o__Leucosporidiales;f__unidentified;g__unidentified;s__unidentified	0.9480523585352917
7589ea70e88a48f7c7b869311c214d05	k__Fungi	0.9986242875395216
75c01c28acf7a054429cab5ab97e0730	k__Fungi;p__Ascomycota;c__Sordariomycetes;o__Hypocreales;f__Hypocreaceae;g__Trichoderma;s__Trichoderma_harzianum	0.8449648788355876
76a0dd16fd6e410821618197431bdaf4	k__Fungi	0.9983098511831662
76bf42fe6118dd5687999e1fa19bdb48	k__Fungi;p__Basidiomycota;c__Tremellomycetes;o__Cystofilobasidiales;f__Cystofilobasidiaceae;g__Cystofilobasidium;s__Cystofilobasidium_macerans	0.9999993933232496
76c7c82cd63a46aacedb073844ea625e	k__Fungi;p__Ascomycota;c__Sordariomycetes;o__Hypocreales;f__Bionectriaceae;g__Clonostachys;s__unidentified	0.7202731458508898
76e4cb17430c6d2a4a54e2a4ff23366b	k__Fungi	0.999108825318129
77111be51315142285ec6313b5ac8dbf	k__Fungi;p__Basidiomycota;c__Tremellomycetes;o__Cystofilobasidiales	0.9657660764711075
78267d3abeebb0dae6acb3d4d7762d0e	k__Fungi	0.9987333442605629
78d09c7504062a79ee7cca3c5d44de9f	Unassigned	0.998257646365423
793af4baa8a681c3994d51ceb0fb0aca	k__Fungi;p__Glomeromycota;c__Glomeromycetes;o__Glomerales;f__Glomeraceae;g__Glomus;s__unidentified	0.7787710057299012
798311384796a7d84af81e1ae4b6a05e	k__Fungi;p__Glomeromycota;c__Glomeromycetes;o__Glomerales;f__Glomeraceae;g__Glomus;s__unidentified	0.867469843685789
7aa90dac0f5c5076a325f62bf7913f7b	k__Fungi;p__Basidiomycota;c__Microbotryomycetes;o__Leucosporidiales;f__unidentified;g__unidentified;s__unidentified	0.9995974590340919
7ae8535d11120b15a32542292d46f900	k__Fungi;p__Basidiomycota;c__Microbotryomycetes;o__Leucosporidiales;f__unidentified;g__unidentified;s__unidentified	0.75653477289654
7b5f1267611e5871ae1ad3e2b415528c	k__Fungi;p__Ascomycota	0.7582746906130275
7bcfcbaaf9b8c668d76e564d5b8f63df	Unassigned	0.9970608903495127
7c0758489abdb39bde5dcc79b490f433	k__Fungi;p__Ascomycota;c__Sordariomycetes;o__Hypocreales;f__Nectriaceae;g__Fusarium;s__Fusarium_oxysporum	0.9934019692470993
7c16f121bdb2407d5e9a45d211ae1012	k__Fungi;p__Ascomycota;c__Sordariomycetes;o__Hypocreales	0.9699261929546663
7c422c352e3747f00cf386f9bf516a0e	k__Fungi;p__Mortierellomycota;c__Mortierellomycetes;o__Mortierellales;f__Mortierellaceae;g__Mortierella;s__Mortierella_fimbricystis	0.769598951024137
7cf4f5cca4edbb54b5e8c36706f978b5	k__Fungi;p__Basidiomycota;c__Agaricomycetes;o__Agaricales;f__Psathyrellaceae;g__Coprinopsis	0.8129477310902395
7d2513b82e1e7671f283dcb12d4d1baf	k__Fungi;p__Ascomycota;c__Sordariomycetes;o__Sordariales;f__Lasiosphaeriaceae;g__Cladorrhinum;s__Cladorrhinum_bulbillosum	0.9999834018710676
7d4cc2c3c3d4d2b4bff38f8e157b45f3	k__Fungi;p__Basidiomycota;c__Agaricomycetes;o__Agaricales;f__Psathyrellaceae;g__Coprinopsis;s__Coprinopsis_narcotica	0.9910739072137718
7d546e6370c3ecf836687f47e72544a5	k__Fungi;p__Ascomycota;c__Dothideomycetes;o__Pleosporales;f__Melanommataceae;g__unidentified;s__unidentified	0.995726452687715
7d585d8825cc5a50029204ac64413dcb	k__Fungi;p__Ascomycota;c__Leotiomycetes;o__Helotiales	0.9827938168005448
7d75688c882e176f06c4b62e09def88f	k__Fungi;p__Ascomycota	0.7443193629667232
7dc6304f1bdee6c4d2d99e208f161437	k__Fungi;p__Basidiomycota;c__Microbotryomycetes;o__unidentified;f__unidentified;g__unidentified;s__unidentified	0.9246877148185922
7dc84bb2ad44d25da36dbc5ef768557c	k__Fungi;p__Ascomycota;c__Sordariomycetes;o__Hypocreales;f__Nectriaceae;g__Gibberella;s__Gibberella_intricans	0.9193337413915404
7f35cf5db598bb0cbaebab60c6ca7201	k__Fungi;p__Basidiomycota	0.7627614414020795
7f51b4dcc4e9777fc5d770f46e2f1f8e	k__Fungi;p__Basidiomycota;c__Tremellomycetes;o__Tremellales	0.7543386643539455
7f59cc3e062a54f92eb0ef96836fdb5c	k__Fungi;p__Basidiomycota;c__Tremellomycetes;o__Tremellales;f__Bulleribasidiaceae;g__Vishniacozyma;s__unidentified	0.7804915860215799
7f5a2b6046c91ab94ab9e2198faecc70	k__Fungi;p__Ascomycota;c__Dothideomycetes;o__Pleosporales;f__Cucurbitariaceae;g__Pyrenochaetopsis;s__Pyrenochaetopsis_leptospora	0.9841150523314057
7f635389f1911b08254513d8764dfd68	k__Fungi;p__Ascomycota;c__Sordariomycetes	0.8324974880636259
7fba3117f99eb58bcb5488d3736569a4	k__Fungi;p__Basidiomycota;c__Agaricomycetes	0.7914886644338657
80223fb7883ceda52f9ceab68d7f73ab	k__Fungi;p__Basidiomycota;c__Tremellomycetes;o__Filobasidiales;f__Filobasidiaceae;g__Filobasidium;s__Filobasidium_globisporum	0.9867827510795487
8086a83f5fe63cdecf7329abd664f1b5	Unassigned	0.984276524971535
80dfd25dea2eff07ec10983a2278bd82	k__Fungi;p__Ascomycota;c__Leotiomycetes;o__Helotiales;f__Helotiaceae;g__Tetracladium;s__unidentified	0.731646362577168
8130060872c30cb67ca0849027c6a829	Unassigned	0.997841489702876
8182c295da4a96b0e815ea23f4d8b015	k__Fungi;p__Basidiomycota;c__Tremellomycetes;o__Cystofilobasidiales;f__Cystofilobasidiaceae;g__Cystofilobasidium;s__Cystofilobasidium_capitatum	0.84175278194883
81c980bc43af5d58d0ba11fae5b729b8	k__Fungi	0.997172897966701
822d0ea0a0339016cba2e48840b04f68	k__Fungi;p__Basidiomycota;c__Agaricomycetes;o__Agaricales;f__Tricholomataceae;g__Mycena;s__unidentified	0.859234866247897
827b6b2cb3d7cb886378a7715903c9dc	k__Fungi;p__Ascomycota;c__Sordariomycetes;o__Hypocreales;f__Nectriaceae;g__Ilyonectria;s__Ilyonectria_destructans	0.9847133239681756
82f4f462a58ea9e5af42f9f9480482c6	k__Fungi;p__Ascomycota;c__Sordariomycetes;o__Xylariales;f__Microdochiaceae;g__Microdochium;s__unidentified	0.9997423182229304
835653239cab5dad3caebb84c2ae4a7b	k__Fungi;p__Basidiomycota;c__Tremellomycetes;o__Holtermanniales;f__Holtermanniales_fam_Incertae_sedis;g__Holtermanniella;s__Holtermanniella_takashimae	0.9999921754906907
8382b526aad734f4c457bfdb1de89925	k__Fungi;p__Ascomycota;c__Dothideomycetes;o__Pleosporales;f__Melanommataceae;g__unidentified;s__unidentified	0.8364151888557327
83a5437f148b3a7022e22805096c7cbe	k__Fungi;p__Ascomycota;c__Dothideomycetes;o__Pleosporales;f__Pleosporales_fam_Incertae_sedis;g__Ochrocladosporium	0.7221868235195389
83c1a9add2fa0b7f0b384fecafb5417a	k__Fungi;p__Basidiomycota;c__Microbotryomycetes;o__Sporidiobolales;f__Sporidiobolaceae;g__Sporobolomyces;s__Sporobolomyces_roseus	0.7889484680222572
840c76a6a524a4919c0b59c27a94d5f2	k__Fungi;p__Ascomycota;c__Leotiomycetes;o__Thelebolales;f__Pseudeurotiaceae;g__Pseudeurotium;s__unidentified	0.9526622772609532
843f744283256f3bcf97e494492ccd78	k__Fungi;p__Basidiomycota	0.7670821065072847
856d387eb02b6eb0dd074b652719f673	k__Fungi;p__Mortierellomycota;c__Mortierellomycetes;o__Mortierellales;f__Mortierellaceae;g__Mortierella;s__Mortierella_alpina	0.9990033842154608
85ab5430b177e1c181ff6686f0f4131f	k__Fungi;p__Ascomycota	0.9190935013322798
8625724514ede49a0f9b6e553feccaeb	k__Fungi;p__Ascomycota;c__Sordariomycetes;o__Sordariales;f__Lasiosphaeriaceae;g__unidentified;s__unidentified	0.9291665313735428
8694e9dc33826ece98ba5bc0b054e32b	k__Fungi;p__Ascomycota;c__Leotiomycetes;o__Helotiales;f__Helotiales_fam_Incertae_sedis;g__Acidomelania;s__Acidomelania_panicicola	0.9942968368154954
86a63d8738314e14cea48fc643e84732	k__Fungi;p__Mortierellomycota;c__Mortierellomycetes;o__Mortierellales;f__Mortierellaceae;g__Mortierella;s__Mortierella_sarnyensis	0.9966197486336766
86eec565458229da33904510c96af657	k__Fungi	0.9993968016853785
87e426b741ddd5fe6698a264dc54e369	k__Fungi;p__Ascomycota;c__Leotiomycetes;o__Helotiales;f__Helotiaceae;g__Tetracladium	0.9998931941587541
8844567a1046ff647f358189238a12fd	k__Fungi;p__Basidiomycota;c__Tremellomycetes;o__Tremellales;f__Rhynchogastremataceae;g__Papiliotrema;s__Papiliotrema_flavescens	0.8248779069244644
886b23014d9a20ae2d0988b60bf17636	k__Fungi;p__Basidiomycota;c__Microbotryomycetes;o__Microbotryomycetes_ord_Incertae_sedis;f__Chrysozymaceae;g__Slooffia;s__Slooffia_cresolica	0.9998775788670982
89a35faac050769f02319438ec1fdfa4	k__Fungi;p__Basidiomycota;c__Agaricomycetes	0.7539642977822438
89b14d9228335d517d3b88aa1deed01e	k__Fungi;p__Ascomycota;c__Leotiomycetes;o__Helotiales;f__Helotiales_fam_Incertae_sedis;g__Cadophora;s__unidentified	0.9954355329444343
8a1a1fe254fb74dfc93d8f9bed9ce276	k__Fungi;p__Ascomycota;c__Sordariomycetes;o__Hypocreales;f__Niessliaceae;g__Eucasphaeria	0.9602713422325612
8a537ba1184e01915e0ba012203ad604	k__Fungi	0.9997002528081527
8a7c3ffa24eaf4adc2a7790876b7cac7	k__Fungi;p__Basidiomycota;c__Microbotryomycetes;o__unidentified;f__unidentified;g__unidentified;s__unidentified	0.8946570067973608
8b1e2c8779ab024e2d4b8981fa175a39	k__Fungi;p__Ascomycota;c__Sordariomycetes;o__Xylariales	0.960402415952126
8c303a0b14a9c570c133985bf923f63d	k__Fungi;p__Ascomycota	0.978553437540362
8c59a57d8c527477a3682ba8009d6252	k__Fungi	0.9976628630312792
8c8f892a5fbef83b5d5b8358d16b3107	k__Fungi;p__Ascomycota;c__Pezizomycetes;o__Pezizales;f__Pyronemataceae	0.8368410856065314
8cadf3f93622f08d23347e7233b59cfd	k__Fungi;p__Basidiomycota;c__Agaricomycetes;o__Cantharellales;f__Ceratobasidiaceae	0.9999984513939701
8e56f5c669af051e942b405872c42bdf	k__Fungi;p__Ascomycota;c__Sordariomycetes;o__Hypocreales;f__Clavicipitaceae;g__Metarhizium;s__Metarhizium_anisopliae	0.9986014634388574
8ea75ce0a88e33dcc8432e06dc333ff8	k__Fungi	0.9982094125821432
9068b9ac8bc2c8ea786d4c2205ce9cd2	k__Fungi;p__Ascomycota;c__Leotiomycetes;o__Helotiales;f__Helotiaceae;g__Tetracladium	0.999892986773355
90a514da7bc36fb2a802cfcdc3cc9c01	k__Fungi;p__Mortierellomycota;c__Mortierellomycetes;o__Mortierellales;f__Mortierellaceae;g__Mortierella;s__Mortierella_alpina	0.9999875905448086
90c4077793b7065d5f3e389250321edb	k__Fungi;p__Ascomycota;c__Sordariomycetes;o__Hypocreales;f__Hypocreaceae;g__Trichoderma;s__Trichoderma_viride	0.8245687707794604
90f0c7786b2b59a0288f71637235bc94	k__Fungi;p__Mortierellomycota;c__Mortierellomycetes;o__Mortierellales;f__Mortierellaceae;g__Mortierella	0.9999939500150948
91543760d13b2b52b09c292185cf5c29	k__Fungi;p__Ascomycota;c__Sordariomycetes;o__Glomerellales;f__Plectosphaerellaceae;g__Gibellulopsis	0.9407874529396089
917dc1c00652bbf66f363c439fdff36c	k__Fungi;p__Glomeromycota;c__Glomeromycetes;o__Glomerales;f__Glomeraceae	0.9980063451857952
9232a12b1cd7907b2cb727ef450ba70d	k__Fungi;p__Ascomycota	0.9793187570833468
9266576dabc1a50694e319e3b099720e	k__Fungi;p__Basidiomycota;c__Agaricomycetes;o__Agaricales;f__Psathyrellaceae;g__Coprinopsis;s__Coprinopsis_narcotica	0.9715509033675184
9347fb46df96378c10d73dd79290f1fe	k__Fungi;p__Ascomycota;c__Sordariomycetes;o__Togniniales;f__Togniniaceae;g__Phaeoacremonium	0.8137863383481588
935a93f38692b05c45d507a295f21907	k__Fungi;p__Ascomycota;c__Eurotiomycetes;o__Chaetothyriales;f__Herpotrichiellaceae;g__Exophiala;s__unidentified	0.9058913755634904
9406f48584c4c2ec2f66cae0e16878cb	k__Fungi;p__Ascomycota;c__Pezizomycetes;o__Pezizales;f__Pyronemataceae;g__Scutellinia;s__Scutellinia_scutellata	0.9599726413280237
94beaacb6018b231e4dd279989f639c5	k__Fungi;p__Ascomycota;c__Sordariomycetes;o__Hypocreales;f__Cordycipitaceae;g__Beauveria;s__unidentified	0.9923658062504298
95437cfd06d0499545ac60e9892bc9fd	k__Fungi;p__Ascomycota;c__Dothideomycetes;o__Pleosporales;f__Pleosporaceae;g__Drechslera;s__unidentified	0.9818434962955311
9587a425c91d53063ed9d94663371c58	k__Fungi;p__Ascomycota	0.9371962124540719
9647c49e093d4f05764327b33d1ad06f	k__Fungi;p__Ascomycota;c__Sordariomycetes;o__Xylariales	0.8683706740583979
966e41dbbec21f437d921846a1d79486	k__Fungi;p__Basidiomycota;c__Agaricomycetes;o__Agaricales;f__Bolbitiaceae;g__Conocybe	0.9979079404148024
96b6869192639f767955dbbaf8ee123b	k__Fungi;p__Ascomycota;c__Eurotiomycetes;o__Chaetothyriales;f__Herpotrichiellaceae;g__Exophiala;s__Exophiala_opportunistica	0.9562966254150931
96c3aae7f62fe1e6db21ab51973fa682	k__Fungi;p__Entomophthoromycota;c__Basidiobolomycetes;o__Basidiobolales;f__Basidiobolaceae;g__Basidiobolus;s__Basidiobolus_ranarum	0.9948809510329121
96f824b58826e49fb3b9ac008021bba0	k__Fungi;p__Basidiomycota;c__Tremellomycetes;o__Filobasidiales;f__Piskurozymaceae;g__Solicoccozyma;s__Solicoccozyma_terricola	0.9994369887089141
9727f8418305611d216604e757bb4128	k__Fungi	0.998082390923107
97b6a215db101a33d643a3bbc15e82df	k__Fungi;p__Ascomycota;c__Sordariomycetes;o__Hypocreales;f__Bionectriaceae;g__Clonostachys;s__Clonostachys_rosea	0.9979973756460043
97d348d97478b2e2807a730dff3498e1	Unassigned	0.6405347841232842
989c3c9629b1f0a6290650f60d53a166	k__Fungi;p__Basidiomycota	0.7483531700544912
98de87a14b89b48227dcde1e26afff0c	k__Fungi	0.999399969842208
994e98c38fe23037562756dd3d2b5c64	k__Fungi;p__Basidiomycota;c__Agaricomycetes;o__Corticiales;f__Corticiaceae;g__Corticium;s__unidentified	0.9979134320734803
9975f8b511ed7563892a7a430ee1768d	k__Fungi;p__Mortierellomycota;c__Mortierellomycetes;o__Mortierellales;f__Mortierellaceae;g__Mortierella	0.9634245913002977
99f82b7478c629cced4eb68b3f5730bc	k__Fungi	0.9993532332540831
9b20b2fa9a7207ff4a044b668bedd67d	k__Fungi;p__Ascomycota;c__Dothideomycetes;o__Pleosporales;f__Didymosphaeriaceae	0.9615647291987516
9b293823e932585437d853179df59b1a	k__Fungi;p__Basidiomycota;c__Agaricomycetes;o__Agaricales	0.74957183887147
9b7030f8e4d4e7661630ade63caae3af	k__Fungi;p__Ascomycota	0.8032948809305785
9bf20188a00e78ab5e601472a52ab51e	k__Fungi;p__Basidiomycota;c__Agaricomycetes;o__Agaricales;f__Lycoperdaceae;g__Lycoperdon;s__Lycoperdon_pyriforme	0.9996966680356075
9c45b3a03eb54a18d3d1cae73f0b24f2	k__Fungi	0.9977933430189471
9c9fbf8a0c59f1ca0d8d82a9bc412cfd	k__Fungi;p__Ascomycota;c__Leotiomycetes;o__Helotiales;f__Hyaloscyphaceae;g__Lachnum;s__unidentified	0.9829203017050748
9cb33a187111e13542359a2507b15885	k__Fungi;p__Ascomycota;c__Dothideomycetes;o__Pleosporales;f__Periconiaceae;g__Periconia;s__unidentified	0.8144166090435094
9cf9e666b720431e971e194f0be3f186	k__Fungi;p__Basidiomycota;c__Agaricomycetes	0.7337168871295766
9d7dbc4460482732d946998c96a9bc7a	k__Fungi;p__Ascomycota;c__Sordariomycetes;o__Hypocreales	0.9793140441177932
9df8ee17bb4a75dfaff218ab5f8842af	k__Fungi;p__Basidiomycota;c__Agaricomycetes;o__Sebacinales;f__Serendipitaceae;g__Serendipita;s__unidentified	0.980053852721867
9e806eef67a37a8b7d43f85ff153c1ca	k__Fungi;p__Mortierellomycota;c__Mortierellomycetes;o__Mortierellales;f__Mortierellaceae;g__Mortierella;s__Mortierella_beljakovae	0.9983714106432647
9eefc8480f6a0e865f77d174bd1fb0f3	k__Fungi;p__Ascomycota;c__Sordariomycetes;o__Microascales;f__Microascaceae;g__Microascus;s__Microascus_brevicaulis	0.9877924772584193
9f45fb28f2d7534b37496f1c1f5eedba	k__Fungi;p__Ascomycota;c__Sordariomycetes;o__Microascales;f__Microascaceae;g__Scedosporium;s__Scedosporium_prolificans	0.9517877343998153
9fd00fa8c3191828869f1038352019f2	k__Fungi;p__Ascomycota	0.9674089792326419
a054e6768f4e699dc10ecb3bfc371ffe	k__Fungi;p__Glomeromycota;c__Glomeromycetes;o__Glomerales;f__Glomeraceae	0.9967605825132825
a056fbf9280a13651017161f61766bbe	k__Fungi;p__Mortierellomycota;c__Mortierellomycetes;o__Mortierellales;f__Mortierellaceae;g__Mortierella;s__Mortierella_exigua	0.9299158216663607
a0ce53cc27cee06efd8fb709906115e2	k__Fungi;p__Ascomycota;c__Pezizomycetes;o__Pezizales;f__Pyronemataceae;g__Cheilymenia;s__unidentified	0.7922237132603858
a0ce5f7a2f49648795512db29b4c170e	k__Fungi;p__Ascomycota;c__Pezizomycetes;o__Pezizales;f__Pyronemataceae;g__Pseudaleuria;s__unidentified	0.9975106318106762
a12e80872f2c551b05aeddc98fdf0dd0	Unassigned	0.9969478471538463
a13834a7bf7c90457efdcf9263826bff	k__Fungi	0.9977934006698884
a2433f7342786b4e2828e5f465fd3639	k__Fungi;p__Basidiomycota;c__Agaricomycetes;o__Cantharellales;f__Ceratobasidiaceae;g__Thanatephorus;s__Thanatephorus_cucumeris	0.962829715855958
a25dbf90bb028cbd1fc0ca07971dbb28	k__Fungi;p__Ascomycota;c__Sordariomycetes;o__Hypocreales;f__Nectriaceae;g__Fusicolla	0.9537761772599295
a2abd102dd198e4f7162bc282f42ad4e	Unassigned	0.9959550353717475
a2baeff1e06a382b5b6d2ac885202ca4	k__Fungi;p__Ascomycota;c__Sordariomycetes;o__Hypocreales;f__Clavicipitaceae;g__Metarhizium;s__Metarhizium_anisopliae	0.9888402404368015
a2bd495fd8ec00cb38af2ac9e49af627	k__Fungi;p__Ascomycota;c__Sordariomycetes;o__Hypocreales;f__Hypocreaceae;g__Trichoderma;s__unidentified	0.7924292389310877
a3a8ed0236bde43b026854f54c380f01	k__Fungi;p__Ascomycota;c__Dothideomycetes;o__Pleosporales	0.9953904695668395
a3c510ee73fb5b3180e0a70b854695d8	k__Fungi	0.9994397104919911
a3cacec9ff86bdd3e9d12183069a2fe1	k__Fungi;p__Ascomycota;c__Pezizomycetes;o__Pezizales;f__Pyronemataceae;g__Pseudaleuria;s__unidentified	0.9969499352846884
a51458c08e0f2e86113161c153562ab8	k__Fungi;p__Basidiomycota;c__Tremellomycetes;o__Tremellales;f__Rhynchogastremataceae;g__Papiliotrema;s__Papiliotrema_laurentii	0.7053311185365605
a53f1e9cf19fe7912c5076eae3862060	k__Fungi;p__Ascomycota	0.7887477049280127
a5b4c0a2cda6ff74a8ad822e25aeedb0	k__Fungi;p__Basidiomycota;c__Tremellomycetes;o__Filobasidiales;f__Piskurozymaceae;g__Solicoccozyma	0.9998948733406838
a5b59f20ea6f433df43da3ec1b967e39	k__Fungi;p__Ascomycota;c__Sordariomycetes	0.8028567809773529
a5cebde0cf563c013fa52144799fa2e5	k__Fungi;p__Glomeromycota;c__Glomeromycetes;o__Glomerales;f__Glomeraceae	0.998265505574447
a631dc4ff1827662344b93ed93f4efe6	k__Fungi;p__Basidiomycota;c__Tremellomycetes;o__Trichosporonales;f__Trichosporonaceae;g__Trichosporon;s__unidentified	0.9464326976466007
a6455ec622da7e2293add4a9cd22ce09	k__Fungi;p__Basidiomycota;c__Tremellomycetes;o__Filobasidiales;f__Filobasidiaceae;g__Filobasidium;s__Filobasidium_wieringae	0.9998459164706875
a681379a4b06fbf2ff43a7de9c90211c	k__Fungi;p__Basidiomycota;c__Agaricomycetes;o__Cantharellales;f__Cantharellales_fam_Incertae_sedis;g__Minimedusa;s__Minimedusa_polyspora	0.9999994948061751
a6c8884e334371f1e67b451bb94649ee	k__Fungi	0.9991245999704214
a6d20b765249b0a737a8e8059166c3bd	k__Fungi	0.9988933251519038
a6e2868c65d6f9c01545395a9c0a4449	k__Fungi;p__Basidiomycota;c__Agaricomycetes;o__Cantharellales;f__Ceratobasidiaceae	0.9999993393320865
a7f014d88d80b43dba6996dcfbc81c8d	k__Fungi;p__Ascomycota;c__Dothideomycetes;o__Pleosporales;f__Didymellaceae;g__unidentified;s__unidentified	0.9635801512077979
a7f6b3f8c6a43d9684bcfd2a0cd199ad	Unassigned	0.9980044523202011
a81239d4492a69aba0b461760fa566fb	k__Fungi;p__Basidiomycota;c__Agaricomycetes	0.814189292124397
a85142e8cf8af2aa7e40570c857eb14e	k__Fungi;p__Rozellomycota;c__Rozellomycotina_cls_Incertae_sedis;o__GS06;f__unidentified;g__unidentified;s__unidentified	0.9996047985618253
a9d1071a5fe784826b5ae573a30bf637	k__Fungi;p__Basidiomycota	0.7261466278789039
aa056000a9df1bd72aedbcc4f880f266	Unassigned	0.996456824822493
aa0a7b84cb26d52b0e73367378f35089	k__Fungi;p__Mortierellomycota;c__Mortierellomycetes;o__Mortierellales;f__Mortierellaceae;g__Mortierella;s__Mortierella_pseudozygospora	0.9878480899532304
aa11957dc613b407ef809cc7dc981454	k__Fungi;p__Ascomycota;c__Sordariomycetes	0.7356422839204318
aa1fabffbb218bf1fee5ca8fedd25768	k__Fungi;p__Mortierellomycota;c__Mortierellomycetes;o__Mortierellales;f__Mortierellaceae;g__Mortierella	0.9998983291132317
aa4255c5f72a497ff8d608967cc5b11d	k__Fungi;p__Ascomycota	0.7491503096776827
aa97de7cc09fa4fe5d982d2fb44e9e75	k__Fungi;p__Ascomycota	0.9640891760599908
ac15d9a89c5a4fff07dc0e012514168e	k__Fungi;p__Mortierellomycota;c__Mortierellomycetes;o__Mortierellales;f__Mortierellaceae;g__Mortierella;s__Mortierella_alpina	0.9999637188507091
ac283099d1aff1dc7948c97641fd1467	k__Fungi;p__Ascomycota;c__Pezizomycetes;o__Pezizales;f__Pyronemataceae;g__Paurocotylis;s__unidentified	0.9661981764258768
ac44fa2509a6927e21deb0a79a4ae946	Unassigned	0.9946865140579
ac4c1b9bff7f912aef77ca2ad397f87d	k__Fungi;p__Ascomycota;c__Sordariomycetes;o__Hypocreales;f__Nectriaceae;g__Cosmospora;s__unidentified	0.8219549310371059
ac502cc20526f1879366e6a51f2436d0	k__Fungi;p__Basidiomycota;c__Tremellomycetes;o__Tremellales;f__Tremellaceae;g__Cryptococcus;s__Cryptococcus_frias	0.999619391288619
ac570b46e420a2e96d1b60dad0815c25	Unassigned	0.9951618873592104
adda4c344a9d784819a06f1903b6fae5	k__Fungi	0.999503573422061
ae0965899b80ada20e4e6223f7ff83f5	k__Fungi;p__Ascomycota;c__Pezizomycetes;o__Pezizales;f__Ascobolaceae	0.7475102352495588
ae0e6abb396db9ba70f8938a499551d1	k__Fungi;p__Basidiomycota;c__Tremellomycetes;o__Cystofilobasidiales;f__Cystofilobasidiaceae;g__Cystofilobasidium;s__Cystofilobasidium_capitatum	0.9204131504361083
ae67c79e9e4b59829c74b55ede531514	k__Fungi;p__Ascomycota;c__Pezizomycetes;o__Pezizales;f__Pyronemataceae;g__Scutellinia;s__Scutellinia_scutellata	0.9886465868046959
ae9166f99d0556d1db3126e04bfe1f4c	k__Fungi;p__Ascomycota;c__Dothideomycetes;o__Capnodiales;f__Teratosphaeriaceae;g__Devriesia;s__Devriesia_pseudoamericana	0.9947356085550899
af0346981fac211b6ab7160d2b9e57aa	k__Fungi;p__Basidiomycota;c__Tremellomycetes;o__Tremellales;f__Trimorphomycetaceae;g__Saitozyma;s__Saitozyma_podzolica	0.9999624004753151
af16b3f438f61523e0390c9b0edbc0a4	k__Fungi;p__Ascomycota;c__Sordariomycetes;o__Hypocreales;f__Nectriaceae	0.9839273012214489
af46026a54079a3ef1dbb4369f3f5b35	k__Fungi;p__Ascomycota;c__Sordariomycetes;o__Hypocreales;f__Nectriaceae;g__Gibberella;s__Gibberella_tricincta	0.7861104025530675
af7b21245f5717c6e6aec03185510bf1	k__Fungi;p__Basidiomycota;c__Agaricomycetes;o__Agaricales	0.7579857813471149
afae6a47b00cbf40bbcd93f1df8441b6	k__Fungi;p__Ascomycota;c__Eurotiomycetes;o__Eurotiales;f__Aspergillaceae;g__Penicillium	0.9406025176838085
afcd63171494f87df3068c42766e8d6a	k__Fungi	0.9984590703386315
b19bf7384c5ad68c8ac6d5250125e9f5	k__Fungi;p__Basidiomycota;c__Agaricomycetes	0.8236805022928834
b23aaf41a536564aea72cf29c5592dbb	k__Fungi;p__Ascomycota;c__Sordariomycetes;o__Sordariales;f__Sordariaceae;g__unidentified;s__unidentified	0.9037752440522989
b2546c5d2eb04437cbed0c614a315c2c	k__Fungi;p__Basidiomycota;c__Tremellomycetes;o__Trichosporonales;f__Trichosporonaceae;g__Trichosporon;s__unidentified	0.9936968723017999
b2abc42b450d086d251928ce380ae36c	k__Fungi;p__Ascomycota;c__Leotiomycetes;o__Helotiales;f__Helotiaceae;g__Crocicreas;s__Crocicreas_epicalamia	0.9806136489967358
b2dd31ea537f1bb138add3e422210e50	k__Fungi;p__Basidiomycota;c__Agaricomycetes;o__Agaricales;f__Psathyrellaceae;g__Coprinopsis;s__Coprinopsis_vermiculifer	0.7346483196197
b2f39629fc32c6d8d05ceccbf74abe37	k__Fungi;p__Basidiomycota;c__Tremellomycetes;o__Tremellales;f__Trimorphomycetaceae;g__Saitozyma;s__Saitozyma_podzolica	0.9999625210362206
b36ab6e3c3ffb4619871cb91e0b36f12	k__Fungi	0.9989376913664643
b384c04b38e06c50698df3f38ab20274	k__Fungi;p__Ascomycota	0.9349880192271229
b3c1c42fbd3986f0ba1d9b434f6c4b1f	k__Fungi;p__Glomeromycota;c__Glomeromycetes;o__Glomerales;f__Glomeraceae;g__Glomus;s__unidentified	0.9250450468289493
b4773349122a39dcd1adf10417c889c4	k__Fungi;p__Ascomycota;c__Eurotiomycetes	0.9983138831661312
b4d91eae8e42f704560dbf6e4a5eb827	k__Fungi;p__Ascomycota;c__Leotiomycetes;o__Helotiales	0.9972031442901654
b4f102e3026f74ffa152e798995545c9	k__Fungi	0.9991513814594088
b5b85298d9950fdb79585ede495aa51a	k__Fungi;p__Ascomycota;c__Eurotiomycetes;o__Chaetothyriales;f__Herpotrichiellaceae;g__Exophiala;s__unidentified	0.8276966178366898
b5be840b4fac42defd7929723ebc81a1	k__Fungi;p__Basidiomycota	0.8321603481830913
b5d578608015e938683da61c0912bdd8	k__Fungi;p__Basidiomycota;c__Agaricomycetes;o__Agaricales;f__Entolomataceae;g__Entoloma	0.9483266212544023
b5ebf40d10e77f4e54c34b5cf40579e0	k__Fungi;p__Ascomycota;c__Leotiomycetes;o__Helotiales;f__Hyaloscyphaceae;g__Cistella;s__unidentified	0.8272649136074329
b6ff5c2b8b597fc374d660b92b7954e3	k__Fungi;p__Ascomycota;c__Dothideomycetes;o__Dothideales;f__Dothioraceae;g__Hormonema;s__Hormonema_macrosporum	0.8127561315945866
b770c6a9981b37357502b3d4a207ffee	k__Fungi;p__Basidiomycota;c__Tremellomycetes;o__Filobasidiales;f__Piskurozymaceae;g__Solicoccozyma	0.9719897933108761
b7cb5ff3a61116af5ccbd4e8b098ef28	k__Fungi;p__Basidiomycota;c__Tremellomycetes;o__Filobasidiales;f__Piskurozymaceae;g__Solicoccozyma;s__Solicoccozyma_terricola	0.9990687364954804
b97ccbd6beb3c2211f7c87bb58ac6d60	k__Fungi;p__Ascomycota;c__Dothideomycetes;o__Pleosporales	0.9479426566502072
b9ad5ff3ba8fff5ab3ab49054e7d1219	k__Fungi;p__Ascomycota;c__Sordariomycetes;o__Microascales;f__Microascaceae	0.9015094146587468
b9f564cb6c02b0a3ec221fe3a71643b3	k__Fungi;p__Mortierellomycota;c__Mortierellomycetes;o__Mortierellales;f__Mortierellaceae	0.9999989834297582
ba4999363e1f26a458c70fe054f39920	k__Fungi;p__Ascomycota;c__Sordariomycetes;o__Hypocreales;f__Clavicipitaceae;g__Metarhizium;s__Metarhizium_marquandii	0.9966281083006552
baefc91922a025ed85b6c884463abf70	k__Fungi;p__Ascomycota;c__Dothideomycetes;o__Pleosporales;f__Phaeosphaeriaceae	0.914623905683517
baf57a0a58b33de3207f272b9f67ba9a	k__Fungi;p__Ascomycota;c__Dothideomycetes;o__Pleosporales;f__Pleosporaceae;g__Stemphylium;s__Stemphylium_vesicarium	0.7062105144211608
bc12f12ce31d75ae3b181ce2df22e8d9	k__Fungi;p__Ascomycota	0.9999718857354633
bc5382177da5cc0528dd51195c7a3d9d	k__Fungi;p__Ascomycota;c__Sordariomycetes;o__Hypocreales;f__Hypocreales_fam_Incertae_sedis;g__Acremonium;s__Acremonium_persicinum	0.9999684121970251
bc79e9adb8213b242993aa638e60d4b9	k__Fungi;p__Ascomycota;c__Dothideomycetes;o__Dothideales;f__Aureobasidiaceae;g__Aureobasidium;s__Aureobasidium_pullulans	0.9959193755585133
bca9f1e11d6529fd3c845aba03fd2e7b	Unassigned	0.9948644682867315
bd61c098e3178c794a668d3da331f4c3	k__Fungi;p__Ascomycota	0.8745145236530278
bdfbe81653590cde3ae4d4960d0c1439	k__Fungi;p__Basidiomycota;c__Microbotryomycetes;o__Leucosporidiales;f__Leucosporidiaceae;g__Leucosporidium;s__Leucosporidium_fragarium	0.9570766793064871
beb030cdd4c55e2f523201ff84e369c6	k__Fungi;p__Basidiomycota;c__Tremellomycetes;o__Cystofilobasidiales;f__unidentified;g__unidentified;s__unidentified	0.9759348045500637
bebd86fd9adf3af1b14dbf48b968fe8e	k__Fungi;p__Basidiomycota;c__Microbotryomycetes	0.9984251192799902
bedbac8e58340076789db8644790790e	k__Fungi;p__Ascomycota;c__Eurotiomycetes;o__Onygenales;f__Onygenales_fam_Incertae_sedis;g__Spiromastix;s__unidentified	0.9473016019013045
bee96ae0ba8144d2a946b89ee94fc5f3	k__Fungi;p__Ascomycota;c__Dothideomycetes;o__Pleosporales;f__Pleosporaceae;g__Bipolaris;s__unidentified	0.9222583858931707
bf3dc81d28159b1a69b4273978d1b795	k__Fungi	0.9991419396954985
bf43dd44c5042f22e4e7b369909ebc31	k__Fungi;p__Basidiomycota;c__Tremellomycetes;o__Filobasidiales;f__Filobasidiaceae;g__Naganishia;s__Naganishia_randhawae	0.7443353656780617
bfabd7d9359c9b7f7472d99a1a8a080b	k__Fungi;p__Basidiomycota;c__Agaricomycetes;o__Agaricales;f__Strophariaceae;g__Pholiota;s__Pholiota_adiposa	0.9971988694765768
bffaabae5e11ca757820612d3abf3b82	k__Fungi;p__Ascomycota;c__Sordariomycetes;o__Hypocreales;f__Stachybotryaceae;g__unidentified;s__unidentified	0.9944365935570696
c0be2d1b2a999d524b49f669b32e9f19	k__Fungi;p__Ascomycota;c__Sordariomycetes;o__Hypocreales;f__Nectriaceae;g__Fusarium;s__Fusarium_solani	0.9958814467672168
c114052eb4ec1c12d72d7f45b0e81e75	k__Fungi;p__Basidiomycota;c__Tremellomycetes;o__Tremellales;f__Rhynchogastremataceae;g__Papiliotrema;s__Papiliotrema_terrestris	0.9981455249861428
c1178ce0ee6e19cb906800148260c0e4	k__Fungi;p__Ascomycota;c__Sordariomycetes;o__Hypocreales;f__Nectriaceae;g__Ilyonectria;s__Ilyonectria_destructans	0.9446729123207915
c1545a8b880c197de241e5e137af701b	k__Fungi;p__Mortierellomycota;c__Mortierellomycetes;o__Mortierellales;f__Mortierellaceae;g__Mortierella	0.9998924909885325
c1ccc1445c36876aea27d36df522ff69	k__Fungi;p__Ascomycota;c__Sordariomycetes;o__Glomerellales;f__Plectosphaerellaceae;g__Gibellulopsis	0.9983564212300549
c30112ef610f8732905470474477cb90	Unassigned	0.9839753667192904
c32303bdfa02c8d849eb4befdbfcb270	k__Fungi;p__Basidiomycota;c__Agaricomycetes;o__Agaricales	0.8316300581702809
c35ebd7a855e556c4baf27150fc2a110	k__Fungi;p__Ascomycota;c__Sordariomycetes;o__Coniochaetales	0.9730982250402584
c38761c6ec3bb2e03de4d8a21a044590	k__Fungi;p__Ascomycota;c__Leotiomycetes;o__Helotiales;f__Helotiaceae;g__Hymenoscyphus;s__Hymenoscyphus_menthae	0.7084827594425552
c57ae010c03b7fe3ffede1e5ce977149	k__Fungi;p__Basidiomycota;c__Agaricomycetes;o__Cantharellales;f__Ceratobasidiaceae;g__Thanatephorus;s__Thanatephorus_cucumeris	0.7988321993201584
c64a7cddca180614f2761fc07fe21288	k__Fungi;p__Ascomycota;c__Dothideomycetes;o__Pleosporales;f__Phaeosphaeriaceae;g__Phaeosphaeria	0.7191153690418431
c6e19b53f7c317c116f1213267f0c5c3	k__Fungi;p__Basidiomycota;c__Agaricomycetes;o__Polyporales;f__Ganodermataceae;g__Ganoderma;s__Ganoderma_lucidum	0.987869136967397
c6f31bef6241cd4b65f64e5633bd9e1f	Unassigned	0.9927642185144506
c71fd084b28bcd732bd36bb8d07bd8c8	k__Fungi;p__Basidiomycota;c__Microbotryomycetes;o__Sporidiobolales;f__Sporidiobolaceae;g__Sporobolomyces	0.7631757006230369
c7381f9645b8a8ea05b6e431e20ed756	k__Fungi;p__Ascomycota;c__Sordariomycetes;o__Hypocreales;f__Nectriaceae;g__Gibberella;s__Gibberella_tricincta	0.9088477673838636
c746b388498d6ff59adf77fe6cb6af5b	k__Fungi;p__Ascomycota;c__Dothideomycetes;o__Pleosporales;f__Phaeosphaeriaceae;g__Setophoma;s__unidentified	0.8387003213185589
c79dfd6da31508d592e34c5f651fd719	k__Fungi;p__Ascomycota;c__Dothideomycetes;o__Pleosporales;f__Cucurbitariaceae;g__Pyrenochaetopsis;s__Pyrenochaetopsis_leptospora	0.9948563427330053
c7fc7100d7623b34eb921ecde89474ca	k__Fungi;p__Glomeromycota;c__Archaeosporomycetes;o__Archaeosporales;f__unidentified;g__unidentified;s__unidentified	0.9826985110006716
c8094b41d86825ccf963f2d3321ba571	k__Fungi;p__Ascomycota;c__Dothideomycetes;o__Pleosporales;f__Leptosphaeriaceae;g__Leptosphaeria;s__Leptosphaeria_sclerotioides	0.9222587949839239
c80c67f30a0165780bd18631279ab5de	k__Fungi;p__Basidiomycota;c__Agaricomycetes;o__Agaricales	0.8308801428092042
c8211af13698cb6b5f4df6061bb6a5b5	k__Fungi;p__Basidiomycota;c__Agaricomycetes	0.7663707052974691
c8296e153fd9e58190a2fc763098b03d	k__Fungi;p__Ascomycota;c__Dothideomycetes;o__Pleosporales;f__Phaeosphaeriaceae;g__Setophoma;s__Setophoma_terrestris	0.923246928702289
c8639fa36424c47d50db9e3422a505d6	k__Fungi;p__Ascomycota;c__Sordariomycetes;o__Hypocreales;f__Hypocreales_fam_Incertae_sedis;g__Sarocladium;s__Sarocladium_summerbellii	0.976834817329971
c87aa7b7611d92146dcca1e02496e57b	k__Fungi;p__Ascomycota;c__Sordariomycetes;o__Microascales;f__Halosphaeriaceae;g__Natantispora;s__Natantispora_unipolaris	0.9777104012671709
c8d95e4663934dafb1d5c085f870203c	k__Fungi;p__Basidiomycota;c__Tremellomycetes	0.8530832140621715
c957d0e15f8c1c9c3af91dce7a6fda4f	Unassigned	0.9983212670537263
c964fce27db5b85c74ef8752dd59cc04	Unassigned	0.9939607992423931
c9afad5f53e919161d580c6f5a928dad	k__Fungi;p__Ascomycota	0.9339835572915165
c9db88f0802a21ba3d45c581c5fab4e1	k__Fungi;p__Ascomycota;c__Dothideomycetes;o__Pleosporales;f__Didymellaceae;g__unidentified;s__unidentified	0.9148657018513577
c9e945481e94cf4ff2e418e2972b3684	k__Fungi	0.9994086287496856
ca376fdf8fe78dddd9c3b5b0973c0313	k__Fungi;p__Ascomycota	0.8620659969631602
cb239f232524bd06f72623d5f972cc1a	k__Fungi;p__Mortierellomycota;c__Mortierellomycetes;o__Mortierellales;f__Mortierellaceae;g__Mortierella	0.9999867423219313
cbdcfd7f8357aee339fb9092d7a6910c	k__Fungi	0.9991620347829344
cc3b7d50585cce35631df20af7cb1d8e	k__Fungi;p__Ascomycota;c__Sordariomycetes;o__Microascales;f__Microascaceae;g__Scedosporium;s__Scedosporium_boydii	0.9915595893078923
cc6d53cad7798351a91062ebccd00282	k__Fungi;p__Basidiomycota;c__Agaricomycetes;o__Sebacinales;f__Serendipitaceae;g__unidentified;s__unidentified	0.7113665828834487
cca8c818f9b77eabc2d41c6fb916fabe	k__Fungi	0.9995339907536825
cd2b01fc8479b4f2cb8d309e50dbbe19	k__Fungi;p__Basidiomycota;c__Agaricomycetes;o__Agaricales;f__Entolomataceae;g__Entoloma	0.9984150957862359
ce54ffbb380e5a621ad16f7aa60fc777	k__Fungi;p__Ascomycota	0.9514988012097031
cee6266f10ce3dec60dcde92de5c6018	k__Fungi;p__Chytridiomycota;c__Rhizophlyctidomycetes;o__Rhizophlyctidales;f__Rhizophlyctidaceae;g__Rhizophlyctis;s__Rhizophlyctis_rosea	0.8444796356073699
ceffbc31f18e5b2bcea642bb7ac91719	Unassigned	0.9986225092864681
cf5440be48aeb52231b76286e3e6ff12	k__Fungi	0.9991428310501448
cf576b5008c9bdf7a50123a5b2b44768	k__Fungi;p__Mortierellomycota;c__Mortierellomycetes;o__Mortierellales;f__Mortierellaceae	0.9998026640477302
cf6a781ce73f7347cf3030d46a1d8a71	k__Fungi;p__Ascomycota;c__Dothideomycetes;o__Pleosporales;f__Lindgomycetaceae;g__Clohesyomyces;s__unidentified	0.8083688911920589
cf759acc77b732b0c6857cfe10aa9140	k__Fungi;p__Ascomycota;c__Leotiomycetes;o__Helotiales;f__Helotiaceae;g__Tetracladium;s__unidentified	0.7110808000969716
cfb3f3e3d77eda9b8fd1ebb699e96ba1	k__Fungi;p__Basidiomycota;c__Agaricomycetes;o__Hymenochaetales;f__Schizoporaceae;g__Hyphodontia;s__unidentified	0.7724238271020302
cffe52e83d882e0b01cfcf63cbd59654	k__Fungi;p__Ascomycota	0.9332330439922382
d02461ca5bb24892ea116f0e8c80a1ec	k__Fungi;p__Ascomycota	0.9113774223386483
d03f46ff57faa7c50a65e9aaff45ed44	k__Fungi;p__Ascomycota	0.9532587325237384
d08639a8bfc357ab66d444f6e7f307d3	k__Fungi;p__Basidiomycota;c__Microbotryomycetes;o__Leucosporidiales;f__unidentified;g__unidentified;s__unidentified	0.9997989673806533
d0df8d95f1798204770384e2f9517a15	k__Fungi;p__Ascomycota;c__Sordariomycetes;o__Microascales;f__Microascaceae;g__Scedosporium;s__Scedosporium_prolificans	0.7050560908674178
d156bbead001a5ff849abfe7ce3bc43e	k__Fungi;p__Ascomycota	0.7946812608676939
d1b2c16512ced4bdd2851fda4f6724c0	k__Fungi;p__Basidiomycota;c__Agaricostilbomycetes;o__Agaricostilbales;f__Chionosphaeraceae;g__unidentified;s__unidentified	0.9520694424779754
d24dac088c9b0341a18405c9c152f301	k__Fungi;p__Basidiomycota;c__Agaricomycetes	0.7679527498396033
d2a8dcada562de730dc58d78e17350cf	k__Fungi;p__Ascomycota;c__Sordariomycetes;o__Hypocreales;f__Hypocreaceae;g__Trichoderma	0.9937667905719734
d2b9ea93c2b176f32a5778748e7f9c48	k__Fungi	0.9984769825545831
d371f5dd6230f1b56a56af3f5eb95fef	k__Fungi;p__Ascomycota;c__Leotiomycetes;o__Helotiales;f__Helotiales_fam_Incertae_sedis;g__Cadophora;s__unidentified	0.9905336552259842
d37ad79f04cac986f9d526ecb3d71cb2	k__Fungi;p__Ascomycota;c__Dothideomycetes;o__Pleosporales;f__Pleosporaceae;g__Alternaria	0.9997634600008598
d3ea362657fbda3181744a289a674cd3	k__Fungi;p__Basidiomycota	0.7126103191763606
d3f23fcf1989f3c64de020c873336ff4	k__Fungi;p__Ascomycota;c__Sordariomycetes	0.9989054285318318
d459def12207310165a32cc80a121d04	k__Fungi;p__Ascomycota	0.824465891674768
d4b47cd48033f487e7228bd1b050d58c	k__Fungi;p__Basidiomycota;c__Tremellomycetes	0.9077072333771797
d4bba1af3a5a6a327ad0b6f034f41680	k__Fungi;p__Ascomycota;c__Dothideomycetes;o__Pleosporales	0.9274208655198846
d505ffc5d1e4b11775a96042ef65bfae	k__Fungi;p__Basidiomycota;c__Tremellomycetes;o__Filobasidiales;f__Piskurozymaceae;g__Solicoccozyma;s__Solicoccozyma_terrea	0.8582186155743415
d50cbb9b62f56de18d9b1f70bd0f62b9	k__Fungi;p__Ascomycota;c__Sordariomycetes;o__Hypocreales;f__Nectriaceae;g__Fusarium	0.9024994092387684
d58e3bb9fb2a3c96be2bd0cb1ea235e5	k__Fungi;p__Basidiomycota;c__Agaricomycetes;o__Corticiales;f__Corticiaceae;g__Corticium;s__unidentified	0.9847626639662876
d5a5286a7e123bc5704b3c1e721954c5	k__Fungi;p__Ascomycota	0.7454196821553587
d5e2ec614e549e38edc31136274076ac	k__Fungi;p__Calcarisporiellomycota;c__Calcarisporiellomycetes;o__Calcarisporiellales;f__Calcarisporiellaceae;g__Calcarisporiella;s__unidentified	0.9999990375962765
d622e4a4e5cf082f286169b8ddc41e55	k__Fungi;p__Mortierellomycota;c__Mortierellomycetes;o__Mortierellales;f__Mortierellaceae;g__Mortierella;s__Mortierella_alpina	0.9994588395031632
d68fb5f05db2c7777f4dd4afd5555dd0	k__Fungi;p__Mortierellomycota;c__Mortierellomycetes;o__Mortierellales;f__Mortierellaceae;g__Mortierella;s__Mortierella_beljakovae	0.9751809447874479
d69c5400e228a5743bae1ddc3467e610	k__Fungi;p__Ascomycota	0.9079684128831348
d717e80743e2765c35f8e22d0a5f0d73	k__Fungi;p__Mortierellomycota;c__Mortierellomycetes;o__Mortierellales;f__Mortierellaceae;g__Mortierella;s__Mortierella_alpina	0.9531602575372028
d7491a2e08a522b25d86c863bc0c5857	k__Fungi;p__Mortierellomycota;c__Mortierellomycetes;o__Mortierellales;f__Mortierellaceae;g__Mortierella;s__Mortierella_exigua	0.8196300518155071
d77781200f0d8db3338edb4d7734d784	k__Fungi;p__Basidiomycota;c__Agaricomycetes;o__Polyporales;f__Ganodermataceae;g__Ganoderma;s__Ganoderma_lucidum	0.8784246833525298
d7b582ff5a205c61cddfc14271c9196f	k__Fungi;p__Ascomycota;c__Sordariomycetes;o__Sordariales	0.9906428499940555
d7feacf80b937c1a347e81eab6ad29f3	k__Fungi;p__Basidiomycota;c__Tremellomycetes	0.8925792806931273
d80b27de76728b66cf1ef92c54701b04	k__Fungi;p__Basidiomycota;c__Agaricomycetes;o__Agaricales;f__Cortinariaceae;g__Cortinarius	0.9998308428572773
d8e0c10ff546f2c4e3034789d1725399	k__Fungi;p__Basidiomycota;c__Agaricomycetes;o__Auriculariales;f__Auriculariaceae;g__Auricularia;s__unidentified	0.9697755405667989
d8fb2ed584f1885cf0e65f3f89f21050	k__Fungi;p__Ascomycota	0.9709903066742742
d90566c83a06ae65284018a40b96fc41	k__Fungi;p__Basidiomycota;c__Microbotryomycetes;o__Leucosporidiales;f__unidentified;g__unidentified;s__unidentified	0.9917091538047996
d98860b5860c770378476c3413a919fb	k__Fungi;p__Mortierellomycota;c__Mortierellomycetes;o__Mortierellales;f__Mortierellaceae;g__Mortierella	0.9172450802269247
d9a1e4be69fc2bc8bbcd365b187d61a0	k__Fungi	0.998747661969817
da12cf4813ebad32a33b5141368f4d9d	k__Fungi;p__Basidiomycota;c__Exobasidiomycetes;o__Georgefischeriales;f__Tilletiariaceae;g__Tilletiaria;s__Tilletiaria_anomala	0.9999955817874709
dab9a74f936d6da3af5f995cb59e7c4c	k__Fungi;p__Basidiomycota;c__Agaricomycetes;o__Cantharellales;f__Cantharellales_fam_Incertae_sedis;g__Minimedusa;s__Minimedusa_polyspora	0.9999995923948268
dacf1a93b8c507bb53205d6bd9340b70	k__Fungi	0.9986207493242673
dadbe4cefb05b39beff1510bb513cc7a	k__Fungi;p__Basidiomycota;c__Agaricomycetes;o__Agaricales;f__Entolomataceae;g__Entoloma	0.94709615476433
dbe9a87abe1c4fa31935c14c611875b2	k__Fungi;p__Basidiomycota;c__Agaricomycetes;o__Agaricales	0.8573481650258097
dc2c956c86bc263f7b3202d6a95b0006	k__Fungi;p__Mortierellomycota;c__Mortierellomycetes;o__Mortierellales;f__Mortierellaceae	0.9999978646365203
dc46821b25da31765dbddd189db76532	k__Fungi;p__Basidiomycota;c__Agaricomycetes;o__Agaricales	0.7646936246764355
dc8cfad111ffdd16c636a9e886123f79	k__Fungi;p__Glomeromycota;c__Glomeromycetes;o__Glomerales;f__Glomeraceae	0.9945366149441077
dca27e5914890fc04e460b8bae4689bf	k__Fungi;p__Ascomycota;c__Sordariomycetes;o__Glomerellales;f__Plectosphaerellaceae;g__Plectosphaerella;s__Plectosphaerella_cucumerina	0.9982600458989287
dd00be9ffda0b7884ce23ed9f23e5226	k__Fungi;p__Ascomycota;c__Orbiliomycetes;o__Orbiliales;f__Orbiliaceae;g__Arthrobotrys;s__Arthrobotrys_oligospora	0.999005365109281
dd4089567eb810f836db4ea31379f2af	k__Fungi;p__Ascomycota;c__Sordariomycetes;o__Sordariales;f__Sordariales_fam_Incertae_sedis;g__Conlarium;s__unidentified	0.9853234156026747
dd70337bb004a74ec39368448c6de063	k__Fungi;p__Basidiomycota;c__Agaricomycetes;o__Agaricales	0.8182151444928651
de0934ac431feb4117810a76bb12b282	k__Fungi;p__Ascomycota;c__Sordariomycetes;o__Hypocreales;f__Hypocreales_fam_Incertae_sedis;g__Sarocladium	0.9771478235442647
de598e53f68d705db4282e29c2dc5186	k__Fungi;p__Ascomycota	0.8016498496702118
deffd0f9f8f560d1d74cb3501945118b	k__Fungi;p__Ascomycota;c__Leotiomycetes;o__Helotiales;f__Helotiales_fam_Incertae_sedis;g__Cadophora;s__unidentified	0.9953383899069818
df48d58d0b26923851cf5e4f17ab0454	k__Fungi	0.9991670995697365
df96d08736eec74b1574717b8fdce854	k__Fungi;p__Ascomycota;c__Sordariomycetes;o__Hypocreales;f__Clavicipitaceae;g__Metarhizium;s__Metarhizium_marquandii	0.9941963662582545
e0242d7cae4d9863902f2bd0a0210df7	k__Fungi;p__Ascomycota	0.841879534670244
e0443b0fad7f9eea5b3951aca1f1a04a	Unassigned	0.9981259173662573
e04cfd36414fba42ca94fc8c13367ab0	Unassigned	0.997245052396389
e084a6fdab2667b43e5c76d2129fac3e	k__Fungi;p__Ascomycota;c__Dothideomycetes;o__Pleosporales;f__Massarinaceae;g__Saccharicola;s__unidentified	0.9727977674909881
e0ad6bd324a9c93e0676a2d24a2b2684	k__Fungi;p__Basidiomycota;c__Tremellomycetes;o__Holtermanniales;f__Holtermanniales_fam_Incertae_sedis;g__Holtermanniella;s__Holtermanniella_takashimae	0.999999617342825
e0cab108e83badcddfd3f1b5d25b08ed	k__Fungi;p__Ascomycota;c__Sordariomycetes;o__Glomerellales;f__Plectosphaerellaceae;g__Plectosphaerella;s__Plectosphaerella_cucumerina	0.9767964677083529
e0cd6f5925ea30d05d83dab6ed1b5a52	k__Fungi;p__Basidiomycota;c__Agaricomycetes;o__Agaricales;f__Bolbitiaceae;g__Conocybe	0.9999921305666916
e0e1de0566110d2e9541cd5ef68b0b38	k__Fungi;p__Basidiomycota;c__Tremellomycetes;o__Cystofilobasidiales;f__Cystofilobasidiales_fam_Incertae_sedis;g__Mrakiella;s__unidentified	0.9636868031055426
e0fdcbfae0cd78b8f5dd675b9d20a9b5	k__Fungi;p__Ascomycota;c__Sordariomycetes;o__Glomerellales;f__Plectosphaerellaceae;g__Plectosphaerella;s__Plectosphaerella_cucumerina	0.9957717370441721
e1cadccdb0f2d92ca4414a66a7236c85	k__Fungi;p__Ascomycota;c__Dothideomycetes;o__Pleosporales;f__Pleomassariaceae;g__unidentified;s__unidentified	0.8309698418851306
e221c5b64e3044b6bd4c85623b62f522	k__Fungi;p__Ascomycota;c__Sordariomycetes;o__Hypocreales;f__Clavicipitaceae;g__Metarhizium;s__Metarhizium_marquandii	0.9993783570479139
e23352df9c303a6b1dbb23379dd11045	k__Fungi;p__Basidiomycota;c__Agaricomycetes	0.7121107264888561
e262255b1750b7f04f4508357a0a683b	k__Fungi;p__Mortierellomycota;c__Mortierellomycetes;o__Mortierellales	0.8511382776593059
e37c55d71bae6d9f7035affeddb9f5fa	k__Fungi	0.9978444451693308
e38ebc8422980589ee0eb5f19a941787	k__Fungi	0.9996105972624434
e3a9c9f45462da061cb17ef318b87068	k__Fungi;p__Basidiomycota;c__Agaricomycetes	0.7727675639999074
e3f9c8dcc26362b3e2d0ce5aaa14b389	k__Fungi;p__Ascomycota;c__Eurotiomycetes;o__Eurotiales	0.977409473928804
e42acaabb1a3f73b7ebacde03fae392a	k__Fungi;p__Chytridiomycota;c__Rhizophlyctidomycetes;o__Rhizophlyctidales;f__Rhizophlyctidaceae;g__Rhizophlyctis;s__Rhizophlyctis_rosea	0.8849255210586351
e4ac673dabef70342a5b7aee91704350	k__Fungi	0.99919859160808
e4c3fc60b046bcfc7cdb909f5ac7d23a	k__Fungi;p__Ascomycota;c__Sordariomycetes;o__Sordariales;f__Chaetomiaceae	0.7721244739699639
e4fd2118991bc2067a53ce0c2a2c8ac8	k__Fungi;p__Ascomycota;c__Sordariomycetes;o__Xylariales;f__Microdochiaceae;g__Microdochium	0.9986162100671263
e547ae3dce4fab5dd38f121170104163	k__Fungi;p__Basidiomycota;c__Agaricomycetes;o__Agaricales;f__Psathyrellaceae	0.9943497762196527
e63452a382eb34ede37c74f4dffdaf71	k__Fungi;p__Mortierellomycota;c__Mortierellomycetes;o__Mortierellales;f__Mortierellaceae;g__Mortierella;s__Mortierella_oligospora	0.8917069971690105
e63df1bd0ec2210b065c719e50908447	k__Fungi;p__Basidiomycota;c__Agaricomycetes	0.8196013526776448
e70800ba37b32d8e91ebce15a265e19c	k__Fungi;p__Ascomycota	0.8431211950470286
e76bcd2d4b0406a615bc3cd5f11bf598	k__Fungi;p__Ascomycota;c__Sordariomycetes;o__Hypocreales;f__Hypocreaceae;g__Trichoderma;s__unidentified	0.7651851363965407
e772fe880b97992009937d97063076f9	k__Fungi;p__Ascomycota	0.9806820714228878
e7f4b8497b5577899b14a60a51555eb8	k__Fungi;p__Ascomycota	0.9190421945695431
e821d51ed6c418f15f10880e7a9c1916	k__Fungi;p__Ascomycota;c__Sordariomycetes	0.74977205539567
e875094c798f321623b300222b68a541	k__Fungi;p__Ascomycota;c__Sordariomycetes;o__Microascales;f__Microascaceae;g__Scedosporium;s__Scedosporium_boydii	0.9985525576830268
e890c2c88a70e3b79876c18aa77f4b42	k__Fungi;p__Ascomycota	0.9187773117111596
e8b7bd10cb47b1ef7e8f7482bba4b187	k__Fungi	0.9978198110688525
e8f08f9270f69dc354151edf2377d14a	k__Fungi;p__Basidiomycota;c__Microbotryomycetes;o__Sporidiobolales;f__Sporidiobolaceae;g__Rhodotorula;s__Rhodotorula_mucilaginosa	0.999915476600315
e95e35c8abc3699737877cbdecb8ae5e	k__Fungi;p__Ascomycota	0.9097237521040368
e9aa6543d07c552d50ad8d19c747a725	k__Fungi;p__Basidiomycota;c__Agaricomycetes;o__Trechisporales;f__Hydnodontaceae;g__Trechispora;s__unidentified	0.9908020099334343
e9fc4801212046a1dd988e64ee1299a4	k__Fungi;p__Ascomycota;c__Dothideomycetes;o__Dothideales;f__Dothideaceae;g__Endoconidioma;s__Endoconidioma_populi	0.8123380234008928
ea08ccca0516481c280df7a89d9476fc	k__Fungi;p__Ascomycota;c__Dothideomycetes;o__Pleosporales;f__Lophiotremataceae;g__Lophiotrema;s__Lophiotrema_rubi	0.9841110833714789
ea680efda2c7e90c46efdcafb6942ae6	k__Fungi;p__Basidiomycota;c__Tremellomycetes;o__Tremellales;f__Rhynchogastremataceae;g__Papiliotrema	0.9971694306833047
ea74ac26090e34de1ca099428abb40fb	k__Fungi;p__Ascomycota	0.8741617255012667
eadbf9a7886d5ce057f6d6e8f4fdea03	k__Fungi;p__Basidiomycota;c__Agaricomycetes;o__Agaricales;f__Agaricaceae;g__Leucoagaricus;s__Leucoagaricus_leucothites	0.9157862820585692
eae565a0dd781947b29a5d23b6889389	k__Fungi;p__Ascomycota;c__Pezizomycetes;o__Pezizales;f__Pyronemataceae;g__Hydnocystis;s__unidentified	0.9582501146501623
eb34f9174f7b4e68b668539726aa9717	k__Fungi;p__Glomeromycota;c__Glomeromycetes;o__Glomerales;f__Glomeraceae;g__Rhizophagus;s__Rhizophagus_irregularis	0.9705870731095836
ebc2e4891bd08f0bd43854398c8e97f8	Unassigned	0.9938721932932938
ec017f67b81fe84308e072eb56ef462c	k__Fungi;p__Ascomycota	0.9667960216800956
ecb34c1c5097051f8a1a2466811e30a2	k__Fungi;p__Ascomycota	0.8655343646291246
ed04d0c3c61363202fdf27435a084b32	k__Fungi;p__Ascomycota;c__Dothideomycetes;o__Pleosporales;f__Cucurbitariaceae;g__Pyrenochaetopsis;s__Pyrenochaetopsis_pratorum	0.9920259875106808
ed5e1901dc61cf2ff168517b6e7351a8	k__Fungi;p__Basidiomycota;c__Tremellomycetes;o__Cystofilobasidiales;f__Mrakiaceae;g__Mrakia	0.8385970750810032
ed93b12b03359036b281a6dd1f8c48aa	k__Fungi;p__Monoblepharomycota;c__Monoblepharidomycetes;o__Monoblepharidales;f__unidentified;g__unidentified;s__unidentified	0.9933726630753644
ed9d68aec8d1e5a04d8874d1c624c106	k__Fungi;p__Ascomycota	0.9468822756725599
eda611850ceedc4b6ec225e6f79ba1d8	k__Fungi;p__Ascomycota;c__Sordariomycetes;o__Hypocreales;f__Hypocreales_fam_Incertae_sedis	0.7787091030593307
edcf0f21ac8d9670ec15f731dcbe7cad	k__Fungi;p__Ascomycota;c__Sordariomycetes;o__Hypocreales;f__Clavicipitaceae;g__Metarhizium;s__Metarhizium_carneum	0.9985060274901397
ee1634b1cbb2ad09ca4dad406d7d3084	k__Fungi;p__Ascomycota;c__Dothideomycetes;o__Pleosporales;f__Pleosporaceae;g__Alternaria;s__unidentified	0.7638480398417148
ee902a14cf5362230facf7bd7d0a5e07	k__Fungi;p__Ascomycota;c__Eurotiomycetes;o__Onygenales;f__Arthrodermataceae;g__Trichophyton;s__Trichophyton_ajelloi	0.9521840975369108
ee90316ce170344568dd3b94fb3d31a3	k__Fungi;p__Mortierellomycota;c__Mortierellomycetes;o__Mortierellales;f__Mortierellaceae;g__Mortierella;s__Mortierella_hyalina	0.9999092913204605
eea638faf6afb056c251202fec142263	k__Fungi;p__Ascomycota;c__Dothideomycetes;o__Pleosporales	0.7687124154826611
eed185228e25702b0bc4aae7b4bc5c33	k__Fungi;p__Basidiomycota;c__Tremellomycetes;o__Filobasidiales;f__Filobasidiaceae;g__Filobasidium;s__Filobasidium_magnum	0.9933724508514843
eee9d6b1c945dd1f592ac4a83975ab56	k__Fungi;p__Basidiomycota;c__Tremellomycetes;o__Filobasidiales;f__Piskurozymaceae;g__Solicoccozyma;s__Solicoccozyma_terrea	0.8635526188077405
ef63fa3c674e1dac42c51901773751e2	k__Fungi;p__Ascomycota;c__Dothideomycetes;o__Pleosporales;f__Cucurbitariaceae;g__Pyrenochaetopsis;s__Pyrenochaetopsis_leptospora	0.9947031930100603
ef7f895e08670445c8a2da439323c4d5	k__Fungi;p__Ascomycota	0.9394606344965457
f024cee858fc1e466c38742bd17017ee	k__Fungi	0.9995022046380525
f026bffcda7ef4c5916efeb3881efb14	k__Fungi;p__Basidiomycota;c__Agaricomycetes;o__Corticiales;f__Corticiaceae;g__Corticium;s__unidentified	0.8892227155709423
f028e1fd4e63b364e0bc66edc7f3b8f3	k__Fungi;p__Ascomycota;c__Dothideomycetes;o__Pleosporales	0.9974264421092852
f029b4a2c82b06a7cf542aaada716662	k__Fungi;p__Ascomycota	0.9202587588220071
f06e7f47678ae05f1e86be259fdc2b0a	k__Fungi;p__Basidiomycota;c__Agaricomycetes;o__Agaricales;f__Psathyrellaceae;g__Psathyrella	0.7883558530161046
f090563112e78e7bc144268b46165208	k__Fungi;p__Ascomycota;c__Sordariomycetes;o__Hypocreales;f__Clavicipitaceae	0.9999675912076007
f099721eea382100b96eab301917d1a6	k__Fungi;p__Mortierellomycota;c__Mortierellomycetes;o__Mortierellales;f__Mortierellaceae;g__Mortierella;s__Mortierella_sarnyensis	0.9964776463790037
f0cd3d8a91ae4300b77dd5a7d70d52d9	k__Fungi;p__Mortierellomycota;c__Mortierellomycetes;o__Mortierellales;f__Mortierellaceae;g__Mortierella;s__Mortierella_exigua	0.9990271520115775
f0d3a54bdff40aad72b46165e5c62ff6	k__Fungi	0.9992677379822724
f1078f4860e24f217f840713806114ad	Unassigned	0.984560520320494
f16af6ab3e0bc50ef38d1608efa0ce2d	k__Fungi;p__Mortierellomycota;c__Mortierellomycetes;o__Mortierellales;f__Mortierellaceae;g__Mortierella;s__Mortierella_horticola	0.9999639347304529
f24da319ad527c76a2615b1024d2f623	k__Fungi;p__Ascomycota;c__Dothideomycetes;o__Pleosporales;f__Periconiaceae;g__Periconia;s__Periconia_macrospinosa	0.8581387746547428
f2a3d7b7db7f212e126136d9394d3d94	k__Fungi;p__Ascomycota;c__Sordariomycetes;o__Hypocreales;f__Nectriaceae;g__Gibberella;s__Gibberella_tricincta	0.9080553324061025
f2be291976d67dd553893e96e8cb5809	k__Fungi;p__Ascomycota;c__Dothideomycetes;o__Pleosporales;f__Pleosporaceae	0.9989350603793274
f2ee16de5fc063639e4364ba6d331663	k__Fungi;p__Ascomycota;c__Pezizomycetes;o__Pezizales;f__Pyronemataceae;g__Heydenia;s__Heydenia_alpina	0.9896531844352555
f32efffab3cc5cc8dc1535cfb602e11d	k__Fungi;p__Basidiomycota;c__Agaricomycetes;o__Auriculariales;f__Exidiaceae;g__unidentified;s__unidentified	0.9014782765386414
f33f4ccad32ce48da0226c64cf87085f	k__Fungi	0.998854480219327
f4cb8e0995969d64cc7dba451b40dd10	k__Fungi;p__Mortierellomycota;c__Mortierellomycetes;o__Mortierellales;f__Mortierellaceae;g__Mortierella	0.9999945207043152
f4e7a8addd3482b52491c4afcf64da95	Unassigned	0.9946909314332864
f66c7dc4fb9c12af14d077fcaa587656	k__Fungi;p__Basidiomycota;c__Tremellomycetes;o__Cystofilobasidiales;f__Mrakiaceae;g__Mrakia	0.9494095227468712
f6aa8db7a8c5a4c85c26a02b0bb99286	k__Fungi;p__Ascomycota	0.9473157432185491
f6ad00b46cc7a5ce99efd778455beae9	k__Fungi;p__Basidiomycota;c__Agaricomycetes	0.8233563793080977
f709447d50ec4b30d9620ca3d5b134d0	k__Fungi;p__Ascomycota;c__Sordariomycetes;o__Hypocreales;f__Hypocreales_fam_Incertae_sedis;g__Acremonium;s__Acremonium_rutilum	0.999633693636563
f71865a7fccdd5be3ae3c95911a0eebb	k__Fungi	0.9984841674436258
f7621ce31469d0959744fcc94a805b6f	k__Fungi	0.9992083743657465
f874ec70784fabcc2ef9aeb22e046877	k__Fungi;p__Ascomycota;c__Sordariomycetes;o__Glomerellales;f__Plectosphaerellaceae;g__Gibellulopsis	0.9742509501658079
f8a42a018d318e1a590102bc745f15ed	k__Fungi	0.9991680144644678
f8f5379f38a93c091a420f302ec7890d	k__Fungi;p__Ascomycota	0.9040391783932582
f9375f32e15e56872f70e229507f5946	k__Fungi;p__Ascomycota;c__Sordariomycetes;o__Glomerellales;f__Plectosphaerellaceae;g__Plectosphaerella;s__Plectosphaerella_cucumerina	0.9949399468899476
f9534333702c4e211a6204d267fb9687	Unassigned	0.9958040036441024
fa6e78744894825c6c6cf16d88e4eee7	k__Fungi;p__Mortierellomycota;c__Mortierellomycetes;o__Mortierellales;f__Mortierellaceae;g__Mortierella;s__unidentified	0.7302744637356186
faa71b036fcdf6623df9237999cc6f71	k__Fungi;p__Basidiomycota;c__Agaricomycetes;o__Agaricales;f__Psathyrellaceae	0.9946991464544234
fac6e41c44e67e88dd57969b615ee870	k__Fungi;p__Ascomycota;c__Sordariomycetes;o__Hypocreales;f__Hypocreaceae;g__Trichoderma;s__Trichoderma_viride	0.7453186877009363
fb035b3dc34cadd69398ace100fd8a84	k__Fungi;p__Ascomycota	0.9633896889117941
fb0b27e7c24ef948f7c4d2ab62937b79	k__Fungi;p__Basidiomycota;c__Agaricomycetes;o__Agaricales;f__Tricholomataceae;g__Mycena;s__unidentified	0.8501288297656148
fb5166dcfe8a8edf90d1315446cf8647	k__Fungi;p__Basidiomycota;c__Agaricomycetes;o__Agaricales	0.9063963991676611
fbb0826ea46f9130d14d938cbb50f6fd	k__Fungi;p__Basidiomycota;c__Microbotryomycetes;o__Leucosporidiales;f__Leucosporidiaceae;g__Leucosporidium	0.7595153147072401
fc95ca0c579127ad74b5f9cefe9974e1	k__Fungi;p__Basidiomycota	0.728642290369636
fcc99cbfb1996acce9fd215d5da23089	k__Fungi;p__Ascomycota;c__Dothideomycetes;o__Pleosporales	0.9712922258380531
fd27822265be4961cf95197abe217846	k__Fungi;p__Basidiomycota;c__Agaricomycetes;o__Agaricales;f__Agaricaceae;g__Leucoagaricus;s__Leucoagaricus_leucothites	0.865052891586049
fd64301bed82ebf1b6501c657947b7c5	k__Fungi;p__Ascomycota	0.9694716364677148
fd6c90a5a4d7e2b92a3ec80fa6fe4035	k__Fungi;p__Ascomycota;c__Dothideomycetes;o__Pleosporales;f__Lindgomycetaceae;g__Clohesyomyces;s__unidentified	0.75787127242344
fdc1d6421b87c4645fda465c11bc3a19	k__Fungi	0.9981794372253182
fe03b43650aa17b585d6552bf7d90001	k__Fungi;p__Ascomycota;c__Dothideomycetes;o__Pleosporales;f__Didymellaceae;g__unidentified;s__unidentified	0.952004890462163
fe3a830478418d050e8ac78b9518dc11	k__Fungi;p__Basidiomycota;c__Agaricomycetes;o__Hymenochaetales;f__Schizoporaceae	0.8368018999104477
feac4c53756529104468f704a5c72460	k__Fungi;p__Ascomycota	0.909000107172259
ff5d204abbe2feb34ea7a384396b8f7e	k__Fungi;p__Ascomycota;c__Sordariomycetes;o__Hypocreales;f__Nectriaceae;g__Fusarium;s__Fusarium_solani	0.9983851106331545
ff99d3061702a3b11a88ae6c6610974d	k__Fungi;p__Basidiomycota	0.7540546444246927
ffcc8d543d65e6fd7c097adbbdc32f9a	k__Fungi;p__Ascomycota;c__Dothideomycetes;o__Pleosporales;f__Massarinaceae;g__Stagonospora;s__unidentified	0.9859363830192918
ffd40140a39591e444dde1804fd575bc	k__Fungi;p__Glomeromycota;c__Glomeromycetes;o__Glomerales;f__Glomeraceae	0.9978834553572866
ffec51ab6b37b288df2412c8c8da7fe0	Unassigned	0.9877373383469161
